ExpiryDate,Moneyness,ExpiryBin,OptionType,StrikePrice,UnderlyingPrice,RealPrice,IV,TimeToExpiry,BS_Price,Error,AbsolutePctError
2025-09-02,Out-of-the-Money (OTM),Near-Term (0-30 days),Put,22800.00,24363.30,16.10,15.93,0.07,17.72,-1.62,10.06
2025-09-02,Out-of-the-Money (OTM),Near-Term (0-30 days),Put,23200.00,24363.30,29.65,14.57,0.07,32.61,-2.96,9.98
2025-09-02,Out-of-the-Money (OTM),Near-Term (0-30 days),Put,23400.00,24363.30,39.70,13.80,0.07,43.66,-3.96,9.99
2025-09-02,Out-of-the-Money (OTM),Near-Term (0-30 days),Put,23700.00,24363.30,68.55,13.03,0.07,75.06,-6.51,9.49
2025-09-02,Out-of-the-Money (OTM),Near-Term (0-30 days),Put,23800.00,24363.30,83.30,12.84,0.07,90.84,-7.54,9.05
2025-09-02,Out-of-the-Money (OTM),Near-Term (0-30 days),Put,23850.00,24363.30,94.50,12.91,0.07,102.85,-8.35,8.83
2025-09-02,At-the-Money (ATM),Near-Term (0-30 days),Call,24000.00,24363.30,579.75,9.51,0.07,549.33,30.42,5.25
2025-09-02,At-the-Money (ATM),Near-Term (0-30 days),Put,24100.00,24363.30,144.00,12.23,0.07,156.06,-12.06,8.37
2025-09-02,At-the-Money (ATM),Near-Term (0-30 days),Put,24150.00,24363.30,131.00,10.95,0.07,143.24,-12.24,9.34
2025-09-02,At-the-Money (ATM),Near-Term (0-30 days),Call,24200.00,24363.30,468.45,11.19,0.07,442.93,25.52,5.45
2025-09-02,At-the-Money (ATM),Near-Term (0-30 days),Put,24200.00,24363.30,174.35,12.15,0.07,188.23,-13.88,7.96
2025-09-02,At-the-Money (ATM),Near-Term (0-30 days),Call,24300.00,24363.30,367.70,9.65,0.07,343.60,24.10,6.56
2025-09-02,At-the-Money (ATM),Near-Term (0-30 days),Put,24300.00,24363.30,206.15,11.94,0.07,221.88,-15.73,7.63
2025-09-02,At-the-Money (ATM),Near-Term (0-30 days),Call,24350.00,24363.30,333.00,9.48,0.07,309.84,23.16,6.95
2025-09-02,At-the-Money (ATM),Near-Term (0-30 days),Put,24350.00,24363.30,227.20,11.98,0.07,244.09,-16.89,7.43
2025-09-02,At-the-Money (ATM),Near-Term (0-30 days),Call,24400.00,24363.30,308.00,9.65,0.07,286.10,21.90,7.11
2025-09-02,At-the-Money (ATM),Near-Term (0-30 days),Put,24400.00,24363.30,247.85,11.95,0.07,265.84,-17.99,7.26
2025-09-02,At-the-Money (ATM),Near-Term (0-30 days),Put,24450.00,24363.30,273.40,12.06,0.07,292.44,-19.04,6.96
2025-09-02,At-the-Money (ATM),Near-Term (0-30 days),Call,24500.00,24363.30,256.25,9.72,0.07,236.78,19.47,7.60
2025-09-02,At-the-Money (ATM),Near-Term (0-30 days),Put,24500.00,24363.30,297.00,12.04,0.07,317.03,-20.03,6.74
2025-09-02,At-the-Money (ATM),Near-Term (0-30 days),Call,24550.00,24363.30,227.55,9.55,0.07,209.32,18.23,8.01
2025-09-02,At-the-Money (ATM),Near-Term (0-30 days),Put,24550.00,24363.30,322.65,12.05,0.07,343.67,-21.02,6.51
2025-09-02,At-the-Money (ATM),Near-Term (0-30 days),Call,24600.00,24363.30,212.00,9.84,0.07,195.05,16.95,8.00
2025-09-02,At-the-Money (ATM),Near-Term (0-30 days),Put,24600.00,24363.30,345.50,11.91,0.07,367.80,-22.30,6.46
2025-09-02,At-the-Money (ATM),Near-Term (0-30 days),Call,24650.00,24363.30,193.15,9.93,0.07,177.18,15.97,8.27
2025-09-02,At-the-Money (ATM),Near-Term (0-30 days),Put,24650.00,24363.30,379.30,12.14,0.07,402.49,-23.19,6.11
2025-09-02,At-the-Money (ATM),Near-Term (0-30 days),Call,24700.00,24363.30,173.00,9.92,0.07,158.32,14.68,8.49
2025-09-02,At-the-Money (ATM),Near-Term (0-30 days),Put,24700.00,24363.30,408.20,12.13,0.07,432.37,-24.17,5.92
2025-09-02,At-the-Money (ATM),Near-Term (0-30 days),Call,24750.00,24363.30,152.40,9.82,0.07,138.81,13.59,8.92
2025-09-02,At-the-Money (ATM),Near-Term (0-30 days),Put,24750.00,24363.30,433.55,11.93,0.07,458.91,-25.36,5.85
2025-09-02,At-the-Money (ATM),Near-Term (0-30 days),Call,24800.00,24363.30,135.00,9.79,0.07,122.45,12.55,9.30
2025-09-02,At-the-Money (ATM),Near-Term (0-30 days),Put,24800.00,24363.30,469.90,12.13,0.07,496.24,-26.34,5.61
2025-09-02,At-the-Money (ATM),Near-Term (0-30 days),Put,24850.00,24363.30,518.50,12.81,0.07,545.58,-27.08,5.22
2025-09-02,Out-of-the-Money (OTM),Near-Term (0-30 days),Call,24900.00,24363.30,107.90,9.90,0.07,97.42,10.48,9.71
2025-09-02,In-the-Money (ITM),Near-Term (0-30 days),Put,24900.00,24363.30,552.60,12.84,0.07,580.59,-27.99,5.07
2025-09-02,Out-of-the-Money (OTM),Near-Term (0-30 days),Call,25000.00,24363.30,85.00,9.98,0.07,76.30,8.70,10.23
2025-09-02,In-the-Money (ITM),Near-Term (0-30 days),Put,25000.00,24363.30,620.15,12.73,0.07,649.98,-29.83,4.81
2025-09-02,Out-of-the-Money (OTM),Near-Term (0-30 days),Call,25200.00,24363.30,49.65,10.04,0.07,44.05,5.60,11.27
2025-09-02,Out-of-the-Money (OTM),Near-Term (0-30 days),Call,25400.00,24363.30,31.40,10.45,0.07,27.66,3.74,11.91
2025-09-02,Out-of-the-Money (OTM),Near-Term (0-30 days),Call,25450.00,24363.30,27.20,10.48,0.07,23.93,3.27,12.02
2025-09-02,Out-of-the-Money (OTM),Near-Term (0-30 days),Call,25500.00,24363.30,24.50,10.61,0.07,21.52,2.98,12.15
2025-09-02,Out-of-the-Money (OTM),Near-Term (0-30 days),Call,25650.00,24363.30,18.15,11.02,0.07,15.89,2.26,12.45
2025-09-02,Out-of-the-Money (OTM),Near-Term (0-30 days),Call,26000.00,24363.30,11.25,12.37,0.07,9.88,1.37,12.18
2025-09-02,Out-of-the-Money (OTM),Near-Term (0-30 days),Call,26150.00,24363.30,8.20,12.66,0.07,7.19,1.01,12.28
2025-09-02,Out-of-the-Money (OTM),Near-Term (0-30 days),Call,26200.00,24363.30,7.80,12.87,0.07,6.86,0.94,12.07
2025-09-02,Out-of-the-Money (OTM),Near-Term (0-30 days),Call,26250.00,24363.30,7.35,13.05,0.07,6.45,0.90,12.20
2025-09-02,Out-of-the-Money (OTM),Near-Term (0-30 days),Call,26300.00,24363.30,7.20,13.31,0.07,6.33,0.87,12.08
2025-09-02,Out-of-the-Money (OTM),Near-Term (0-30 days),Call,26350.00,24363.30,6.00,13.24,0.07,5.26,0.74,12.36
2025-09-02,Out-of-the-Money (OTM),Near-Term (0-30 days),Call,26450.00,24363.30,7.10,14.18,0.07,6.28,0.82,11.51
2025-09-02,Out-of-the-Money (OTM),Near-Term (0-30 days),Call,26500.00,24363.30,4.70,13.64,0.07,4.13,0.57,12.04
2025-09-02,Out-of-the-Money (OTM),Near-Term (0-30 days),Call,26600.00,24363.30,5.30,14.44,0.07,4.69,0.61,11.53
2025-09-02,Out-of-the-Money (OTM),Near-Term (0-30 days),Call,26650.00,24363.30,5.40,14.76,0.07,4.78,0.62,11.40
2025-09-02,Out-of-the-Money (OTM),Near-Term (0-30 days),Call,26700.00,24363.30,5.10,14.93,0.07,4.54,0.56,11.04
2025-09-02,Out-of-the-Money (OTM),Near-Term (0-30 days),Call,26750.00,24363.30,5.00,15.16,0.07,4.44,0.56,11.26
2025-09-02,Out-of-the-Money (OTM),Near-Term (0-30 days),Call,26800.00,24363.30,4.10,15.03,0.07,3.63,0.47,11.56
2025-09-09,Out-of-the-Money (OTM),Mid-Term (31-90 days),Put,22900.00,24363.30,21.00,14.42,0.09,23.75,-2.75,13.11
2025-09-09,Out-of-the-Money (OTM),Mid-Term (31-90 days),Put,23600.00,24363.30,62.00,12.46,0.09,69.75,-7.75,12.50
2025-09-09,Out-of-the-Money (OTM),Mid-Term (31-90 days),Put,23800.00,24363.30,95.40,12.44,0.09,106.35,-10.95,11.48
2025-09-09,At-the-Money (ATM),Mid-Term (31-90 days),Call,24000.00,24363.30,663.40,10.72,0.09,624.05,39.35,5.93
2025-09-09,At-the-Money (ATM),Mid-Term (31-90 days),Put,24100.00,24363.30,160.00,12.02,0.09,176.63,-16.63,10.39
2025-09-09,At-the-Money (ATM),Mid-Term (31-90 days),Put,24200.00,24363.30,205.00,12.51,0.09,224.08,-19.08,9.31
2025-09-09,At-the-Money (ATM),Mid-Term (31-90 days),Put,24250.00,24363.30,205.00,11.85,0.09,225.03,-20.03,9.77
2025-09-09,At-the-Money (ATM),Mid-Term (31-90 days),Call,24400.00,24363.30,370.00,9.78,0.09,339.34,30.66,8.29
2025-09-09,At-the-Money (ATM),Mid-Term (31-90 days),Put,24400.00,24363.30,225.20,10.47,0.09,248.56,-23.36,10.37
2025-09-09,At-the-Money (ATM),Mid-Term (31-90 days),Call,24500.00,24363.30,312.75,9.72,0.09,285.08,27.67,8.85
2025-09-09,At-the-Money (ATM),Mid-Term (31-90 days),Put,24500.00,24363.30,316.00,12.09,0.09,342.27,-26.27,8.31
2025-09-09,At-the-Money (ATM),Mid-Term (31-90 days),Put,24700.00,24363.30,386.30,10.92,0.09,418.13,-31.83,8.24
2025-09-09,Out-of-the-Money (OTM),Mid-Term (31-90 days),Call,25000.00,24363.30,120.20,9.83,0.09,105.99,14.21,11.82
2025-09-09,In-the-Money (ITM),Mid-Term (31-90 days),Put,25000.00,24363.30,624.95,12.76,0.09,663.32,-38.37,6.14
2025-09-09,Out-of-the-Money (OTM),Mid-Term (31-90 days),Call,25400.00,24363.30,229.95,18.70,0.09,215.50,14.45,6.28
2025-09-09,Out-of-the-Money (OTM),Mid-Term (31-90 days),Call,26050.00,24363.30,90.00,17.91,0.09,82.89,7.11,7.90
2025-08-14,Out-of-the-Money (OTM),Near-Term (0-30 days),Put,22800.00,24363.30,2.20,22.47,0.02,2.19,0.01,0.27
2025-08-14,In-the-Money (ITM),Near-Term (0-30 days),Call,22850.00,24363.30,1560.00,31.58,0.02,1560.73,-0.73,0.05
2025-08-14,Out-of-the-Money (OTM),Near-Term (0-30 days),Put,22850.00,24363.30,2.10,21.70,0.02,2.09,0.01,0.28
2025-08-14,Out-of-the-Money (OTM),Near-Term (0-30 days),Put,22900.00,24363.30,2.35,21.37,0.02,2.35,0.00,0.10
2025-08-14,Out-of-the-Money (OTM),Near-Term (0-30 days),Put,22950.00,24363.30,2.45,20.83,0.02,2.44,0.01,0.29
2025-08-14,In-the-Money (ITM),Near-Term (0-30 days),Call,23000.00,24363.30,1399.40,25.32,0.02,1400.06,-0.66,0.05
2025-08-14,Out-of-the-Money (OTM),Near-Term (0-30 days),Put,23000.00,24363.30,2.70,20.44,0.02,2.69,0.01,0.34
2025-08-14,Out-of-the-Money (OTM),Near-Term (0-30 days),Put,23050.00,24363.30,2.90,19.98,0.02,2.90,0.00,0.14
2025-08-14,Out-of-the-Money (OTM),Near-Term (0-30 days),Put,23100.00,24363.30,2.95,19.36,0.02,2.95,0.00,0.16
2025-08-14,Out-of-the-Money (OTM),Near-Term (0-30 days),Put,23150.00,24363.30,3.05,18.78,0.02,3.04,0.01,0.17
2025-08-14,In-the-Money (ITM),Near-Term (0-30 days),Call,23200.00,24363.30,1283.95,38.49,0.02,1284.51,-0.56,0.04
2025-08-14,Out-of-the-Money (OTM),Near-Term (0-30 days),Put,23200.00,24363.30,3.65,18.58,0.02,3.64,0.01,0.32
2025-08-14,Out-of-the-Money (OTM),Near-Term (0-30 days),Put,23250.00,24363.30,3.70,17.93,0.02,3.69,0.01,0.31
2025-08-14,In-the-Money (ITM),Near-Term (0-30 days),Call,23300.00,24363.30,1089.55,13.06,0.02,1090.07,-0.52,0.05
2025-08-14,Out-of-the-Money (OTM),Near-Term (0-30 days),Put,23300.00,24363.30,3.75,17.28,0.02,3.74,0.01,0.15
2025-08-14,Out-of-the-Money (OTM),Near-Term (0-30 days),Put,23350.00,24363.30,4.10,16.82,0.02,4.10,-0.00,0.00
2025-08-14,In-the-Money (ITM),Near-Term (0-30 days),Call,23400.00,24363.30,989.65,11.74,0.02,990.12,-0.47,0.05
2025-08-14,Out-of-the-Money (OTM),Near-Term (0-30 days),Put,23400.00,24363.30,4.30,16.24,0.02,4.30,-0.00,0.03
2025-08-14,In-the-Money (ITM),Near-Term (0-30 days),Call,23500.00,24363.30,897.00,16.31,0.02,897.42,-0.42,0.05
2025-08-14,In-the-Money (ITM),Near-Term (0-30 days),Call,23550.00,24363.30,840.40,11.20,0.02,840.80,-0.40,0.05
2025-08-14,Out-of-the-Money (OTM),Near-Term (0-30 days),Put,23550.00,24363.30,5.60,14.74,0.02,5.58,0.02,0.29
2025-08-14,In-the-Money (ITM),Near-Term (0-30 days),Call,23600.00,24363.30,806.85,17.57,0.02,807.20,-0.35,0.04
2025-08-14,In-the-Money (ITM),Near-Term (0-30 days),Call,23650.00,24363.30,800.10,23.89,0.02,800.42,-0.32,0.04
2025-08-14,Out-of-the-Money (OTM),Near-Term (0-30 days),Put,23650.00,24363.30,7.80,14.10,0.02,7.79,0.01,0.07
2025-08-14,In-the-Money (ITM),Near-Term (0-30 days),Call,23700.00,24363.30,703.00,14.87,0.02,703.33,-0.33,0.05
2025-08-14,Out-of-the-Money (OTM),Near-Term (0-30 days),Put,23700.00,24363.30,8.60,13.58,0.02,8.61,-0.01,0.06
2025-08-14,In-the-Money (ITM),Near-Term (0-30 days),Call,23750.00,24363.30,649.65,13.11,0.02,649.94,-0.29,0.04
2025-08-14,Out-of-the-Money (OTM),Near-Term (0-30 days),Put,23750.00,24363.30,10.45,13.31,0.02,10.44,0.01,0.05
2025-08-14,In-the-Money (ITM),Near-Term (0-30 days),Call,23800.00,24363.30,604.80,13.52,0.02,605.04,-0.24,0.04
2025-08-14,Out-of-the-Money (OTM),Near-Term (0-30 days),Put,23800.00,24363.30,11.40,12.72,0.02,11.38,0.02,0.14
2025-08-14,In-the-Money (ITM),Near-Term (0-30 days),Call,23850.00,24363.30,560.40,13.72,0.02,560.64,-0.24,0.04
2025-08-14,Out-of-the-Money (OTM),Near-Term (0-30 days),Put,23850.00,24363.30,14.80,12.64,0.02,14.81,-0.01,0.08
2025-08-14,At-the-Money (ATM),Near-Term (0-30 days),Call,23900.00,24363.30,510.10,12.71,0.02,510.32,-0.22,0.04
2025-08-14,At-the-Money (ATM),Near-Term (0-30 days),Put,23900.00,24363.30,17.25,12.22,0.02,17.26,-0.01,0.07
2025-08-14,At-the-Money (ATM),Near-Term (0-30 days),Call,23950.00,24363.30,467.95,12.97,0.02,468.11,-0.16,0.03
2025-08-14,At-the-Money (ATM),Near-Term (0-30 days),Put,23950.00,24363.30,20.60,11.86,0.02,20.58,0.02,0.09
2025-08-14,At-the-Money (ATM),Near-Term (0-30 days),Call,24000.00,24363.30,415.55,11.59,0.02,415.73,-0.18,0.04
2025-08-14,At-the-Money (ATM),Near-Term (0-30 days),Put,24000.00,24363.30,25.65,11.65,0.02,25.65,-0.00,0.00
2025-08-14,At-the-Money (ATM),Near-Term (0-30 days),Call,24050.00,24363.30,374.95,11.78,0.02,375.11,-0.16,0.04
2025-08-14,At-the-Money (ATM),Near-Term (0-30 days),Put,24050.00,24363.30,31.45,11.38,0.02,31.41,0.04,0.14
2025-08-14,At-the-Money (ATM),Near-Term (0-30 days),Call,24100.00,24363.30,331.70,11.43,0.02,331.83,-0.13,0.04
2025-08-14,At-the-Money (ATM),Near-Term (0-30 days),Put,24100.00,24363.30,38.40,11.11,0.02,38.42,-0.02,0.06
2025-08-14,At-the-Money (ATM),Near-Term (0-30 days),Call,24150.00,24363.30,293.00,11.40,0.02,293.06,-0.06,0.02
2025-08-14,At-the-Money (ATM),Near-Term (0-30 days),Put,24150.00,24363.30,47.40,10.89,0.02,47.43,-0.03,0.07
2025-08-14,At-the-Money (ATM),Near-Term (0-30 days),Call,24200.00,24363.30,251.55,10.91,0.02,251.57,-0.02,0.01
2025-08-14,At-the-Money (ATM),Near-Term (0-30 days),Put,24200.00,24363.30,59.00,10.73,0.02,58.95,0.05,0.08
2025-08-14,At-the-Money (ATM),Near-Term (0-30 days),Call,24250.00,24363.30,214.80,10.69,0.02,214.87,-0.07,0.03
2025-08-14,At-the-Money (ATM),Near-Term (0-30 days),Put,24250.00,24363.30,72.70,10.57,0.02,72.74,-0.04,0.05
2025-08-14,At-the-Money (ATM),Near-Term (0-30 days),Call,24300.00,24363.30,183.05,10.68,0.02,183.12,-0.07,0.04
2025-08-14,At-the-Money (ATM),Near-Term (0-30 days),Put,24300.00,24363.30,89.50,10.45,0.02,89.54,-0.04,0.05
2025-08-14,At-the-Money (ATM),Near-Term (0-30 days),Call,24350.00,24363.30,152.45,10.53,0.02,152.52,-0.07,0.05
2025-08-14,At-the-Money (ATM),Near-Term (0-30 days),Put,24350.00,24363.30,109.90,10.39,0.02,109.91,-0.01,0.01
2025-08-14,At-the-Money (ATM),Near-Term (0-30 days),Call,24400.00,24363.30,126.60,10.52,0.02,126.60,0.00,0.00
2025-08-14,At-the-Money (ATM),Near-Term (0-30 days),Put,24400.00,24363.30,132.85,10.30,0.02,132.91,-0.06,0.05
2025-08-14,At-the-Money (ATM),Near-Term (0-30 days),Call,24450.00,24363.30,103.30,10.48,0.02,103.32,-0.02,0.02
2025-08-14,At-the-Money (ATM),Near-Term (0-30 days),Put,24450.00,24363.30,160.30,10.32,0.02,160.36,-0.06,0.04
2025-08-14,At-the-Money (ATM),Near-Term (0-30 days),Call,24500.00,24363.30,83.20,10.45,0.02,83.17,0.03,0.04
2025-08-14,At-the-Money (ATM),Near-Term (0-30 days),Put,24500.00,24363.30,189.95,10.27,0.02,189.99,-0.04,0.02
2025-08-14,At-the-Money (ATM),Near-Term (0-30 days),Call,24550.00,24363.30,66.70,10.49,0.02,66.69,0.01,0.01
2025-08-14,At-the-Money (ATM),Near-Term (0-30 days),Call,24600.00,24363.30,53.40,10.58,0.02,53.33,0.07,0.13
2025-08-14,At-the-Money (ATM),Near-Term (0-30 days),Call,24650.00,24363.30,42.55,10.70,0.02,42.52,0.03,0.06
2025-08-14,At-the-Money (ATM),Near-Term (0-30 days),Call,24700.00,24363.30,33.10,10.75,0.02,33.07,0.03,0.09
2025-08-14,At-the-Money (ATM),Near-Term (0-30 days),Call,24750.00,24363.30,26.00,10.88,0.02,26.00,-0.00,0.00
2025-08-14,At-the-Money (ATM),Near-Term (0-30 days),Call,24800.00,24363.30,20.40,11.02,0.02,20.38,0.02,0.10
2025-08-14,At-the-Money (ATM),Near-Term (0-30 days),Call,24850.00,24363.30,15.65,11.11,0.02,15.62,0.03,0.17
2025-08-14,Out-of-the-Money (OTM),Near-Term (0-30 days),Call,24900.00,24363.30,12.70,11.38,0.02,12.70,-0.00,0.01
2025-08-14,Out-of-the-Money (OTM),Near-Term (0-30 days),Call,24950.00,24363.30,10.60,11.71,0.02,10.59,0.01,0.06
2025-08-14,Out-of-the-Money (OTM),Near-Term (0-30 days),Call,25000.00,24363.30,8.10,11.81,0.02,8.09,0.01,0.09
2025-08-14,Out-of-the-Money (OTM),Near-Term (0-30 days),Call,25050.00,24363.30,6.65,12.09,0.02,6.65,-0.00,0.03
2025-08-14,Out-of-the-Money (OTM),Near-Term (0-30 days),Call,25100.00,24363.30,5.00,12.16,0.02,4.99,0.01,0.29
2025-08-14,Out-of-the-Money (OTM),Near-Term (0-30 days),Call,25150.00,24363.30,3.90,12.33,0.02,3.90,-0.00,0.00
2025-08-14,Out-of-the-Money (OTM),Near-Term (0-30 days),Call,25200.00,24363.30,3.50,12.77,0.02,3.50,0.00,0.03
2025-08-14,Out-of-the-Money (OTM),Near-Term (0-30 days),Call,25250.00,24363.30,2.85,13.00,0.02,2.84,0.01,0.27
2025-08-14,Out-of-the-Money (OTM),Near-Term (0-30 days),Call,25300.00,24363.30,2.70,13.52,0.02,2.69,0.01,0.29
2025-08-14,Out-of-the-Money (OTM),Near-Term (0-30 days),Call,25350.00,24363.30,2.15,13.69,0.02,2.14,0.01,0.39
2025-08-14,Out-of-the-Money (OTM),Near-Term (0-30 days),Call,25400.00,24363.30,2.20,14.34,0.02,2.20,0.00,0.11
2025-08-14,Out-of-the-Money (OTM),Near-Term (0-30 days),Call,25450.00,24363.30,1.90,14.64,0.02,1.89,0.01,0.41
2025-08-14,Out-of-the-Money (OTM),Near-Term (0-30 days),Call,25500.00,24363.30,1.85,15.17,0.02,1.84,0.01,0.44
2025-08-14,Out-of-the-Money (OTM),Near-Term (0-30 days),Call,25550.00,24363.30,1.70,15.58,0.02,1.69,0.01,0.34
2025-08-14,In-the-Money (ITM),Near-Term (0-30 days),Put,25550.00,24363.30,1204.90,29.13,0.02,1205.49,-0.59,0.05
2025-08-14,Out-of-the-Money (OTM),Near-Term (0-30 days),Call,25600.00,24363.30,1.50,15.90,0.02,1.50,0.00,0.29
2025-08-14,In-the-Money (ITM),Near-Term (0-30 days),Put,25600.00,24363.30,1220.50,22.35,0.02,1221.13,-0.63,0.05
2025-08-14,Out-of-the-Money (OTM),Near-Term (0-30 days),Call,25650.00,24363.30,1.50,16.46,0.02,1.50,0.00,0.24
2025-08-14,In-the-Money (ITM),Near-Term (0-30 days),Put,25650.00,24363.30,1269.95,22.91,0.02,1270.60,-0.65,0.05
2025-08-14,Out-of-the-Money (OTM),Near-Term (0-30 days),Call,25700.00,24363.30,1.30,16.73,0.02,1.30,0.00,0.03
2025-08-14,Out-of-the-Money (OTM),Near-Term (0-30 days),Call,25750.00,24363.30,1.25,17.19,0.02,1.25,0.00,0.32
2025-08-14,Out-of-the-Money (OTM),Near-Term (0-30 days),Call,25800.00,24363.30,1.20,17.65,0.02,1.20,0.00,0.14
2025-08-14,Out-of-the-Money (OTM),Near-Term (0-30 days),Call,25850.00,24363.30,1.30,18.35,0.02,1.30,0.00,0.35
2025-08-14,In-the-Money (ITM),Near-Term (0-30 days),Put,25850.00,24363.30,1469.10,25.52,0.02,1469.84,-0.74,0.05
2025-08-14,Out-of-the-Money (OTM),Near-Term (0-30 days),Call,25900.00,24363.30,1.15,18.62,0.02,1.14,0.01,0.49
2025-08-14,Out-of-the-Money (OTM),Near-Term (0-30 days),Call,25950.00,24363.30,1.20,19.25,0.02,1.20,0.00,0.03
2025-08-14,Out-of-the-Money (OTM),Near-Term (0-30 days),Call,26000.00,24363.30,1.20,19.77,0.02,1.20,0.00,0.35
2025-08-14,Out-of-the-Money (OTM),Near-Term (0-30 days),Call,26050.00,24363.30,1.05,20.00,0.02,1.05,0.00,0.16
2025-08-14,Out-of-the-Money (OTM),Near-Term (0-30 days),Call,26100.00,24363.30,1.05,20.51,0.02,1.05,0.00,0.43
2025-08-14,Out-of-the-Money (OTM),Near-Term (0-30 days),Call,26150.00,24363.30,1.10,21.13,0.02,1.10,0.00,0.45
2025-08-14,Out-of-the-Money (OTM),Near-Term (0-30 days),Call,26200.00,24363.30,0.90,21.19,0.02,0.90,0.00,0.10
2025-08-14,Out-of-the-Money (OTM),Near-Term (0-30 days),Call,26250.00,24363.30,0.95,21.81,0.02,0.95,0.00,0.38
2025-08-14,Out-of-the-Money (OTM),Near-Term (0-30 days),Call,26300.00,24363.30,0.95,22.31,0.02,0.95,0.00,0.47
2025-08-14,Out-of-the-Money (OTM),Near-Term (0-30 days),Call,26350.00,24363.30,0.95,22.82,0.02,0.95,0.00,0.06
2025-08-14,Out-of-the-Money (OTM),Near-Term (0-30 days),Call,26400.00,24363.30,1.05,23.56,0.02,1.05,0.00,0.30
2025-08-14,Out-of-the-Money (OTM),Near-Term (0-30 days),Call,26450.00,24363.30,0.85,23.54,0.02,0.85,0.00,0.14
2025-08-14,Out-of-the-Money (OTM),Near-Term (0-30 days),Call,26500.00,24363.30,1.00,24.43,0.02,1.00,0.00,0.42
2025-08-14,In-the-Money (ITM),Near-Term (0-30 days),Put,26500.00,24363.30,2116.95,33.63,0.02,2118.04,-1.09,0.05
2025-08-14,Out-of-the-Money (OTM),Near-Term (0-30 days),Call,26550.00,24363.30,0.85,24.51,0.02,0.85,0.00,0.43
2025-08-14,Out-of-the-Money (OTM),Near-Term (0-30 days),Call,26600.00,24363.30,0.90,25.15,0.02,0.90,0.00,0.10
2025-08-14,Out-of-the-Money (OTM),Near-Term (0-30 days),Call,26650.00,24363.30,0.85,25.48,0.02,0.85,0.00,0.40
2025-08-14,Out-of-the-Money (OTM),Near-Term (0-30 days),Call,26700.00,24363.30,0.85,25.97,0.02,0.85,0.00,0.09
2025-08-14,Out-of-the-Money (OTM),Near-Term (0-30 days),Call,26750.00,24363.30,0.85,26.45,0.02,0.85,0.00,0.09
2025-08-14,Out-of-the-Money (OTM),Near-Term (0-30 days),Call,26800.00,24363.30,0.75,26.59,0.02,0.75,0.00,0.34
2025-08-14,Out-of-the-Money (OTM),Near-Term (0-30 days),Call,26850.00,24363.30,1.00,27.85,0.02,1.00,0.00,0.40
2025-08-14,Out-of-the-Money (OTM),Near-Term (0-30 days),Call,26900.00,24363.30,0.80,27.71,0.02,0.80,0.00,0.21
2025-08-14,Out-of-the-Money (OTM),Near-Term (0-30 days),Call,26950.00,24363.30,0.95,28.67,0.02,0.95,0.00,0.10
2025-08-14,Out-of-the-Money (OTM),Near-Term (0-30 days),Call,27000.00,24363.30,0.75,28.47,0.02,0.75,0.00,0.22
2025-08-14,In-the-Money (ITM),Near-Term (0-30 days),Put,27000.00,24363.30,2617.10,40.34,0.02,2618.45,-1.35,0.05
2025-08-14,Out-of-the-Money (OTM),Near-Term (0-30 days),Call,27050.00,24363.30,0.70,28.74,0.02,0.70,0.00,0.36
2025-08-14,Out-of-the-Money (OTM),Near-Term (0-30 days),Call,27100.00,24363.30,0.75,29.40,0.02,0.75,0.00,0.18
2025-08-21,Out-of-the-Money (OTM),Near-Term (0-30 days),Put,22800.00,24363.30,5.35,17.67,0.04,5.62,-0.27,5.00
2025-08-21,Out-of-the-Money (OTM),Near-Term (0-30 days),Put,22850.00,24363.30,5.65,17.33,0.04,5.93,-0.28,4.93
2025-08-21,Out-of-the-Money (OTM),Near-Term (0-30 days),Put,22900.00,24363.30,6.00,17.00,0.04,6.29,-0.29,4.82
2025-08-21,Out-of-the-Money (OTM),Near-Term (0-30 days),Put,22950.00,24363.30,7.20,17.00,0.04,7.54,-0.34,4.77
2025-08-21,In-the-Money (ITM),Near-Term (0-30 days),Call,23000.00,24363.30,1446.45,18.50,0.04,1434.08,12.37,0.86
2025-08-21,Out-of-the-Money (OTM),Near-Term (0-30 days),Put,23000.00,24363.30,6.90,16.39,0.04,7.25,-0.35,5.01
2025-08-21,Out-of-the-Money (OTM),Near-Term (0-30 days),Put,23050.00,24363.30,7.80,16.22,0.04,8.19,-0.39,5.04
2025-08-21,Out-of-the-Money (OTM),Near-Term (0-30 days),Put,23100.00,24363.30,7.65,15.66,0.04,8.04,-0.39,5.05
2025-08-21,Out-of-the-Money (OTM),Near-Term (0-30 days),Put,23150.00,24363.30,8.80,15.53,0.04,9.26,-0.46,5.20
2025-08-21,Out-of-the-Money (OTM),Near-Term (0-30 days),Put,23200.00,24363.30,9.30,15.16,0.04,9.78,-0.48,5.16
2025-08-21,Out-of-the-Money (OTM),Near-Term (0-30 days),Put,23250.00,24363.30,10.35,14.93,0.04,10.89,-0.54,5.20
2025-08-21,Out-of-the-Money (OTM),Near-Term (0-30 days),Put,23300.00,24363.30,11.00,14.57,0.04,11.59,-0.59,5.40
2025-08-21,Out-of-the-Money (OTM),Near-Term (0-30 days),Put,23350.00,24363.30,12.80,14.46,0.04,13.50,-0.70,5.46
2025-08-21,Out-of-the-Money (OTM),Near-Term (0-30 days),Put,23400.00,24363.30,14.35,14.24,0.04,15.13,-0.78,5.47
2025-08-21,Out-of-the-Money (OTM),Near-Term (0-30 days),Put,23450.00,24363.30,15.15,13.83,0.04,15.95,-0.80,5.31
2025-08-21,Out-of-the-Money (OTM),Near-Term (0-30 days),Put,23500.00,24363.30,17.15,13.63,0.04,18.07,-0.92,5.36
2025-08-21,Out-of-the-Money (OTM),Near-Term (0-30 days),Put,23550.00,24363.30,19.90,13.50,0.04,20.93,-1.03,5.17
2025-08-21,In-the-Money (ITM),Near-Term (0-30 days),Call,23600.00,24363.30,848.75,11.90,0.04,835.99,12.76,1.50
2025-08-21,Out-of-the-Money (OTM),Near-Term (0-30 days),Put,23600.00,24363.30,21.50,13.15,0.04,22.66,-1.16,5.40
2025-08-21,In-the-Money (ITM),Near-Term (0-30 days),Call,23650.00,24363.30,787.45,8.29,0.04,774.04,13.41,1.70
2025-08-21,Out-of-the-Money (OTM),Near-Term (0-30 days),Put,23700.00,24363.30,28.10,12.79,0.04,29.56,-1.46,5.18
2025-08-21,In-the-Money (ITM),Near-Term (0-30 days),Call,23750.00,24363.30,696.70,9.72,0.04,683.77,12.93,1.86
2025-08-21,Out-of-the-Money (OTM),Near-Term (0-30 days),Put,23750.00,24363.30,31.25,12.52,0.04,32.94,-1.69,5.40
2025-08-21,In-the-Money (ITM),Near-Term (0-30 days),Call,23800.00,24363.30,646.65,9.12,0.04,633.74,12.91,2.00
2025-08-21,Out-of-the-Money (OTM),Near-Term (0-30 days),Put,23800.00,24363.30,36.70,12.44,0.04,38.63,-1.93,5.25
2025-08-21,Out-of-the-Money (OTM),Near-Term (0-30 days),Put,23850.00,24363.30,41.95,12.26,0.04,44.07,-2.12,5.06
2025-08-21,At-the-Money (ATM),Near-Term (0-30 days),Call,23900.00,24363.30,556.10,9.25,0.04,543.60,12.50,2.25
2025-08-21,At-the-Money (ATM),Near-Term (0-30 days),Put,23900.00,24363.30,47.80,12.07,0.04,50.15,-2.35,4.92
2025-08-21,At-the-Money (ATM),Near-Term (0-30 days),Call,23950.00,24363.30,516.00,9.67,0.04,503.93,12.07,2.34
2025-08-21,At-the-Money (ATM),Near-Term (0-30 days),Put,23950.00,24363.30,55.25,11.95,0.04,57.92,-2.67,4.83
2025-08-21,At-the-Money (ATM),Near-Term (0-30 days),Call,24000.00,24363.30,472.60,9.58,0.04,460.87,11.73,2.48
2025-08-21,At-the-Money (ATM),Near-Term (0-30 days),Put,24000.00,24363.30,62.00,11.70,0.04,65.00,-3.00,4.84
2025-08-21,At-the-Money (ATM),Near-Term (0-30 days),Call,24050.00,24363.30,434.95,9.86,0.04,423.75,11.20,2.58
2025-08-21,At-the-Money (ATM),Near-Term (0-30 days),Put,24050.00,24363.30,71.60,11.59,0.04,74.99,-3.39,4.73
2025-08-21,At-the-Money (ATM),Near-Term (0-30 days),Call,24100.00,24363.30,392.30,9.60,0.04,381.35,10.95,2.79
2025-08-21,At-the-Money (ATM),Near-Term (0-30 days),Put,24100.00,24363.30,80.10,11.32,0.04,83.85,-3.75,4.68
2025-08-21,At-the-Money (ATM),Near-Term (0-30 days),Call,24150.00,24363.30,357.55,9.81,0.04,347.20,10.35,2.89
2025-08-21,At-the-Money (ATM),Near-Term (0-30 days),Put,24150.00,24363.30,93.80,11.32,0.04,98.13,-4.33,4.62
2025-08-21,At-the-Money (ATM),Near-Term (0-30 days),Call,24200.00,24363.30,319.25,9.65,0.04,309.40,9.85,3.08
2025-08-21,At-the-Money (ATM),Near-Term (0-30 days),Put,24200.00,24363.30,109.00,11.30,0.04,113.76,-4.76,4.37
2025-08-21,At-the-Money (ATM),Near-Term (0-30 days),Call,24250.00,24363.30,282.75,9.49,0.04,273.31,9.44,3.34
2025-08-21,At-the-Money (ATM),Near-Term (0-30 days),Put,24250.00,24363.30,124.60,11.21,0.04,129.92,-5.32,4.27
2025-08-21,At-the-Money (ATM),Near-Term (0-30 days),Call,24300.00,24363.30,254.00,9.68,0.04,245.25,8.75,3.45
2025-08-21,At-the-Money (ATM),Near-Term (0-30 days),Put,24300.00,24363.30,142.00,11.12,0.04,147.82,-5.82,4.10
2025-08-21,At-the-Money (ATM),Near-Term (0-30 days),Call,24350.00,24363.30,223.40,9.63,0.04,215.23,8.17,3.66
2025-08-21,At-the-Money (ATM),Near-Term (0-30 days),Put,24350.00,24363.30,159.50,10.94,0.04,165.90,-6.40,4.01
2025-08-21,At-the-Money (ATM),Near-Term (0-30 days),Call,24400.00,24363.30,194.85,9.57,0.04,187.21,7.64,3.92
2025-08-21,At-the-Money (ATM),Near-Term (0-30 days),Put,24400.00,24363.30,182.85,10.98,0.04,189.88,-7.03,3.84
2025-08-21,At-the-Money (ATM),Near-Term (0-30 days),Call,24450.00,24363.30,169.70,9.58,0.04,162.72,6.98,4.11
2025-08-21,At-the-Money (ATM),Near-Term (0-30 days),Put,24450.00,24363.30,208.80,11.05,0.04,216.37,-7.57,3.63
2025-08-21,At-the-Money (ATM),Near-Term (0-30 days),Call,24500.00,24363.30,146.00,9.55,0.04,139.74,6.26,4.29
2025-08-21,At-the-Money (ATM),Near-Term (0-30 days),Put,24500.00,24363.30,234.75,11.02,0.04,242.99,-8.24,3.51
2025-08-21,At-the-Money (ATM),Near-Term (0-30 days),Call,24550.00,24363.30,126.65,9.63,0.04,120.94,5.71,4.51
2025-08-21,At-the-Money (ATM),Near-Term (0-30 days),Call,24600.00,24363.30,108.40,9.66,0.04,103.33,5.07,4.67
2025-08-21,At-the-Money (ATM),Near-Term (0-30 days),Put,24600.00,24363.30,296.80,11.20,0.04,306.18,-9.38,3.16
2025-08-21,At-the-Money (ATM),Near-Term (0-30 days),Call,24650.00,24363.30,92.05,9.68,0.04,87.57,4.48,4.87
2025-08-21,At-the-Money (ATM),Near-Term (0-30 days),Put,24650.00,24363.30,328.75,11.19,0.04,338.70,-9.95,3.03
2025-08-21,At-the-Money (ATM),Near-Term (0-30 days),Call,24700.00,24363.30,79.35,9.81,0.04,75.38,3.97,5.00
2025-08-21,At-the-Money (ATM),Near-Term (0-30 days),Put,24700.00,24363.30,367.65,11.50,0.04,378.10,-10.45,2.84
2025-08-21,At-the-Money (ATM),Near-Term (0-30 days),Call,24750.00,24363.30,67.55,9.89,0.04,64.02,3.53,5.22
2025-08-21,At-the-Money (ATM),Near-Term (0-30 days),Call,24800.00,24363.30,56.00,9.88,0.04,52.96,3.04,5.42
2025-08-21,At-the-Money (ATM),Near-Term (0-30 days),Put,24800.00,24363.30,386.25,7.36,0.04,399.14,-12.89,3.34
2025-08-21,At-the-Money (ATM),Near-Term (0-30 days),Call,24850.00,24363.30,48.10,10.03,0.04,45.39,2.71,5.64
2025-08-21,Out-of-the-Money (OTM),Near-Term (0-30 days),Call,24900.00,24363.30,39.50,10.03,0.04,37.20,2.30,5.82
2025-08-21,Out-of-the-Money (OTM),Near-Term (0-30 days),Call,24950.00,24363.30,33.50,10.15,0.04,31.44,2.06,6.14
2025-08-21,In-the-Money (ITM),Near-Term (0-30 days),Put,24950.00,24363.30,565.60,12.07,0.04,578.08,-12.48,2.21
2025-08-21,Out-of-the-Money (OTM),Near-Term (0-30 days),Call,25000.00,24363.30,28.45,10.29,0.04,26.71,1.74,6.10
2025-08-21,Out-of-the-Money (OTM),Near-Term (0-30 days),Call,25050.00,24363.30,24.00,10.41,0.04,22.52,1.48,6.16
2025-08-21,Out-of-the-Money (OTM),Near-Term (0-30 days),Call,25100.00,24363.30,21.20,10.65,0.04,19.84,1.36,6.41
2025-08-21,In-the-Money (ITM),Near-Term (0-30 days),Put,25100.00,24363.30,706.05,13.36,0.04,719.18,-13.13,1.86
2025-08-21,Out-of-the-Money (OTM),Near-Term (0-30 days),Call,25150.00,24363.30,17.55,10.72,0.04,16.41,1.14,6.51
2025-08-21,Out-of-the-Money (OTM),Near-Term (0-30 days),Call,25200.00,24363.30,14.10,10.73,0.04,13.19,0.91,6.48
2025-08-21,In-the-Money (ITM),Near-Term (0-30 days),Put,25200.00,24363.30,760.00,6.36,0.04,775.31,-15.31,2.01
2025-08-21,Out-of-the-Money (OTM),Near-Term (0-30 days),Call,25250.00,24363.30,12.65,11.00,0.04,11.83,0.82,6.50
2025-08-21,Out-of-the-Money (OTM),Near-Term (0-30 days),Call,25300.00,24363.30,11.10,11.21,0.04,10.37,0.73,6.58
2025-08-21,In-the-Money (ITM),Near-Term (0-30 days),Put,25300.00,24363.30,893.00,14.59,0.04,906.97,-13.97,1.56
2025-08-21,Out-of-the-Money (OTM),Near-Term (0-30 days),Call,25350.00,24363.30,9.40,11.34,0.04,8.78,0.62,6.56
2025-08-21,Out-of-the-Money (OTM),Near-Term (0-30 days),Call,25400.00,24363.30,8.30,11.55,0.04,7.73,0.57,6.82
2025-08-21,Out-of-the-Money (OTM),Near-Term (0-30 days),Call,25450.00,24363.30,7.70,11.87,0.04,7.20,0.50,6.46
2025-08-21,In-the-Money (ITM),Near-Term (0-30 days),Put,25450.00,24363.30,1037.80,15.75,0.04,1052.22,-14.42,1.39
2025-08-21,Out-of-the-Money (OTM),Near-Term (0-30 days),Call,25500.00,24363.30,6.25,11.90,0.04,5.84,0.41,6.61
2025-08-21,In-the-Money (ITM),Near-Term (0-30 days),Put,25500.00,24363.30,1088.95,16.49,0.04,1103.38,-14.43,1.33
2025-08-21,Out-of-the-Money (OTM),Near-Term (0-30 days),Call,25550.00,24363.30,5.80,12.20,0.04,5.42,0.38,6.51
2025-08-21,In-the-Money (ITM),Near-Term (0-30 days),Put,25550.00,24363.30,1136.55,16.74,0.04,1151.14,-14.59,1.28
2025-08-21,Out-of-the-Money (OTM),Near-Term (0-30 days),Call,25600.00,24363.30,4.60,12.18,0.04,4.28,0.32,7.05
2025-08-21,In-the-Money (ITM),Near-Term (0-30 days),Put,25600.00,24363.30,1203.05,19.47,0.04,1217.32,-14.27,1.19
2025-08-21,Out-of-the-Money (OTM),Near-Term (0-30 days),Call,25650.00,24363.30,4.00,12.35,0.04,3.73,0.27,6.84
2025-08-21,In-the-Money (ITM),Near-Term (0-30 days),Put,25650.00,24363.30,1233.95,17.49,0.04,1248.75,-14.80,1.20
2025-08-21,Out-of-the-Money (OTM),Near-Term (0-30 days),Call,25700.00,24363.30,3.85,12.70,0.04,3.60,0.25,6.61
2025-08-21,In-the-Money (ITM),Near-Term (0-30 days),Put,25700.00,24363.30,1285.10,18.24,0.04,1299.99,-14.89,1.16
2025-08-21,Out-of-the-Money (OTM),Near-Term (0-30 days),Call,25750.00,24363.30,3.50,12.93,0.04,3.26,0.24,6.89
2025-08-21,In-the-Money (ITM),Near-Term (0-30 days),Put,25750.00,24363.30,1329.85,17.93,0.04,1344.94,-15.09,1.13
2025-08-21,Out-of-the-Money (OTM),Near-Term (0-30 days),Call,25800.00,24363.30,3.15,13.14,0.04,2.93,0.22,7.00
2025-08-21,Out-of-the-Money (OTM),Near-Term (0-30 days),Call,25850.00,24363.30,2.85,13.36,0.04,2.65,0.20,6.85
2025-08-21,In-the-Money (ITM),Near-Term (0-30 days),Put,25850.00,24363.30,1433.50,19.65,0.04,1448.62,-15.12,1.05
2025-08-21,Out-of-the-Money (OTM),Near-Term (0-30 days),Call,25900.00,24363.30,3.45,14.12,0.04,3.23,0.22,6.38
2025-08-21,In-the-Money (ITM),Near-Term (0-30 days),Put,25900.00,24363.30,1475.90,18.80,0.04,1491.30,-15.40,1.04
2025-08-21,Out-of-the-Money (OTM),Near-Term (0-30 days),Call,25950.00,24363.30,2.50,13.91,0.04,2.34,0.16,6.46
2025-08-21,In-the-Money (ITM),Near-Term (0-30 days),Put,25950.00,24363.30,1527.70,19.69,0.04,1543.13,-15.43,1.01
2025-08-21,Out-of-the-Money (OTM),Near-Term (0-30 days),Call,26000.00,24363.30,2.75,14.47,0.04,2.57,0.18,6.41
2025-08-21,In-the-Money (ITM),Near-Term (0-30 days),Put,26000.00,24363.30,1598.45,23.60,0.04,1613.49,-15.04,0.94
2025-08-21,Out-of-the-Money (OTM),Near-Term (0-30 days),Call,26050.00,24363.30,2.40,14.60,0.04,2.25,0.15,6.33
2025-08-21,In-the-Money (ITM),Near-Term (0-30 days),Put,26050.00,24363.30,1627.55,20.72,0.04,1643.12,-15.57,0.96
2025-08-21,Out-of-the-Money (OTM),Near-Term (0-30 days),Call,26100.00,24363.30,3.20,15.55,0.04,3.01,0.19,5.97
2025-08-21,In-the-Money (ITM),Near-Term (0-30 days),Put,26100.00,24363.30,1676.95,21.12,0.04,1692.58,-15.63,0.93
2025-08-21,Out-of-the-Money (OTM),Near-Term (0-30 days),Call,26150.00,24363.30,2.30,15.27,0.04,2.15,0.15,6.41
2025-08-21,In-the-Money (ITM),Near-Term (0-30 days),Put,26150.00,24363.30,1729.60,22.18,0.04,1745.25,-15.65,0.90
2025-08-21,Out-of-the-Money (OTM),Near-Term (0-30 days),Call,26200.00,24363.30,2.20,15.56,0.04,2.06,0.14,6.25
2025-08-21,In-the-Money (ITM),Near-Term (0-30 days),Put,26200.00,24363.30,1778.20,22.42,0.04,1793.92,-15.72,0.88
2025-08-21,Out-of-the-Money (OTM),Near-Term (0-30 days),Call,26250.00,24363.30,1.85,15.60,0.04,1.73,0.12,6.35
2025-08-21,Out-of-the-Money (OTM),Near-Term (0-30 days),Call,26300.00,24363.30,1.60,15.70,0.04,1.50,0.10,6.08
2025-08-21,Out-of-the-Money (OTM),Near-Term (0-30 days),Call,26350.00,24363.30,1.70,16.17,0.04,1.60,0.10,5.89
2025-08-21,Out-of-the-Money (OTM),Near-Term (0-30 days),Call,26400.00,24363.30,1.65,16.47,0.04,1.55,0.10,5.83
2025-08-21,Out-of-the-Money (OTM),Near-Term (0-30 days),Call,26450.00,24363.30,1.70,16.88,0.04,1.60,0.10,5.82
2025-08-21,Out-of-the-Money (OTM),Near-Term (0-30 days),Call,26500.00,24363.30,1.75,17.29,0.04,1.65,0.10,5.78
2025-08-21,Out-of-the-Money (OTM),Near-Term (0-30 days),Call,26550.00,24363.30,1.55,17.40,0.04,1.46,0.09,5.88
2025-08-21,Out-of-the-Money (OTM),Near-Term (0-30 days),Call,26600.00,24363.30,1.95,18.22,0.04,1.84,0.11,5.58
2025-08-21,Out-of-the-Money (OTM),Near-Term (0-30 days),Call,26650.00,24363.30,1.55,18.10,0.04,1.47,0.08,5.46
2025-08-21,Out-of-the-Money (OTM),Near-Term (0-30 days),Call,26700.00,24363.30,1.50,18.38,0.04,1.42,0.08,5.32
2025-08-21,Out-of-the-Money (OTM),Near-Term (0-30 days),Call,26750.00,24363.30,1.75,19.05,0.04,1.66,0.09,5.03
2025-08-21,Out-of-the-Money (OTM),Near-Term (0-30 days),Call,26800.00,24363.30,2.00,19.69,0.04,1.90,0.10,5.02
2025-08-21,Out-of-the-Money (OTM),Near-Term (0-30 days),Call,26850.00,24363.30,1.55,19.47,0.04,1.47,0.08,5.29
2025-08-21,Out-of-the-Money (OTM),Near-Term (0-30 days),Call,26900.00,24363.30,1.50,19.74,0.04,1.42,0.08,5.20
2025-08-21,Out-of-the-Money (OTM),Near-Term (0-30 days),Call,26950.00,24363.30,2.30,21.07,0.04,2.19,0.11,4.75
2025-08-28,Out-of-the-Money (OTM),Near-Term (0-30 days),Put,22800.00,24363.30,10.15,16.14,0.05,11.00,-0.85,8.39
2025-08-28,Out-of-the-Money (OTM),Near-Term (0-30 days),Put,22850.00,24363.30,11.10,15.97,0.05,12.03,-0.93,8.39
2025-08-28,Out-of-the-Money (OTM),Near-Term (0-30 days),Put,22900.00,24363.30,12.25,15.82,0.05,13.25,-1.00,8.20
2025-08-28,Out-of-the-Money (OTM),Near-Term (0-30 days),Put,22950.00,24363.30,13.25,15.62,0.05,14.36,-1.11,8.37
2025-08-28,Out-of-the-Money (OTM),Near-Term (0-30 days),Put,23000.00,24363.30,14.00,15.34,0.05,15.16,-1.16,8.25
2025-08-28,In-the-Money (ITM),Near-Term (0-30 days),Call,23100.00,24363.30,1386.70,13.50,0.05,1360.95,25.75,1.86
2025-08-28,Out-of-the-Money (OTM),Near-Term (0-30 days),Put,23100.00,24363.30,16.70,14.98,0.05,18.10,-1.40,8.41
2025-08-28,Out-of-the-Money (OTM),Near-Term (0-30 days),Put,23150.00,24363.30,18.35,14.81,0.05,19.87,-1.52,8.27
2025-08-28,In-the-Money (ITM),Near-Term (0-30 days),Call,23250.00,24363.30,1244.45,13.59,0.05,1218.97,25.48,2.05
2025-08-28,In-the-Money (ITM),Near-Term (0-30 days),Call,23300.00,24363.30,1220.00,16.35,0.05,1195.75,24.25,1.99
2025-08-28,Out-of-the-Money (OTM),Near-Term (0-30 days),Put,23300.00,24363.30,22.70,14.08,0.05,24.63,-1.93,8.49
2025-08-28,In-the-Money (ITM),Near-Term (0-30 days),Call,23350.00,24363.30,1172.25,16.03,0.05,1148.13,24.12,2.06
2025-08-28,Out-of-the-Money (OTM),Near-Term (0-30 days),Put,23350.00,24363.30,26.45,14.10,0.05,28.67,-2.22,8.39
2025-08-28,Out-of-the-Money (OTM),Near-Term (0-30 days),Put,23400.00,24363.30,27.80,13.77,0.05,30.12,-2.32,8.33
2025-08-28,Out-of-the-Money (OTM),Near-Term (0-30 days),Put,23450.00,24363.30,31.95,13.75,0.05,34.58,-2.63,8.24
2025-08-28,Out-of-the-Money (OTM),Near-Term (0-30 days),Put,23500.00,24363.30,34.15,13.47,0.05,36.94,-2.79,8.18
2025-08-28,Out-of-the-Money (OTM),Near-Term (0-30 days),Put,23550.00,24363.30,38.25,13.36,0.05,41.34,-3.09,8.08
2025-08-28,Out-of-the-Money (OTM),Near-Term (0-30 days),Put,23600.00,24363.30,38.25,12.83,0.05,41.47,-3.22,8.42
2025-08-28,In-the-Money (ITM),Near-Term (0-30 days),Call,23650.00,24363.30,861.60,11.64,0.05,836.92,24.68,2.86
2025-08-28,Out-of-the-Money (OTM),Near-Term (0-30 days),Put,23650.00,24363.30,47.90,13.15,0.05,51.75,-3.85,8.04
2025-08-28,In-the-Money (ITM),Near-Term (0-30 days),Call,23700.00,24363.30,784.85,7.30,0.05,758.00,26.85,3.42
2025-08-28,Out-of-the-Money (OTM),Near-Term (0-30 days),Put,23700.00,24363.30,53.75,13.06,0.05,58.00,-4.25,7.92
2025-08-28,In-the-Money (ITM),Near-Term (0-30 days),Call,23750.00,24363.30,736.00,7.12,0.05,709.22,26.78,3.64
2025-08-28,In-the-Money (ITM),Near-Term (0-30 days),Call,23800.00,24363.30,695.75,8.28,0.05,670.04,25.71,3.70
2025-08-28,Out-of-the-Money (OTM),Near-Term (0-30 days),Put,23800.00,24363.30,62.00,12.50,0.05,66.94,-4.94,7.97
2025-08-28,In-the-Money (ITM),Near-Term (0-30 days),Call,23850.00,24363.30,661.10,9.38,0.05,636.55,24.55,3.71
2025-08-28,Out-of-the-Money (OTM),Near-Term (0-30 days),Put,23850.00,24363.30,69.15,12.38,0.05,74.54,-5.39,7.79
2025-08-28,At-the-Money (ATM),Near-Term (0-30 days),Call,23900.00,24363.30,608.65,8.60,0.05,584.03,24.62,4.04
2025-08-28,At-the-Money (ATM),Near-Term (0-30 days),Put,23900.00,24363.30,81.50,12.54,0.05,87.52,-6.02,7.38
2025-08-28,At-the-Money (ATM),Near-Term (0-30 days),Call,23950.00,24363.30,570.00,8.98,0.05,546.31,23.69,4.16
2025-08-28,At-the-Money (ATM),Near-Term (0-30 days),Put,23950.00,24363.30,95.50,12.72,0.05,102.23,-6.73,7.04
2025-08-28,At-the-Money (ATM),Near-Term (0-30 days),Call,24000.00,24363.30,522.45,8.56,0.05,499.01,23.44,4.49
2025-08-28,At-the-Money (ATM),Near-Term (0-30 days),Put,24000.00,24363.30,101.75,12.39,0.05,108.98,-7.23,7.11
2025-08-28,At-the-Money (ATM),Near-Term (0-30 days),Call,24050.00,24363.30,494.05,9.37,0.05,471.98,22.07,4.47
2025-08-28,At-the-Money (ATM),Near-Term (0-30 days),Put,24050.00,24363.30,113.40,12.32,0.05,121.34,-7.94,7.00
2025-08-28,At-the-Money (ATM),Near-Term (0-30 days),Call,24100.00,24363.30,450.70,9.09,0.05,429.13,21.57,4.79
2025-08-28,At-the-Money (ATM),Near-Term (0-30 days),Put,24100.00,24363.30,113.50,11.59,0.05,121.83,-8.33,7.34
2025-08-28,At-the-Money (ATM),Near-Term (0-30 days),Call,24150.00,24363.30,425.00,9.72,0.05,404.60,20.40,4.80
2025-08-28,At-the-Money (ATM),Near-Term (0-30 days),Put,24150.00,24363.30,138.00,12.08,0.05,147.40,-9.40,6.81
2025-08-28,At-the-Money (ATM),Near-Term (0-30 days),Call,24200.00,24363.30,385.20,9.49,0.05,365.57,19.63,5.10
2025-08-28,At-the-Money (ATM),Near-Term (0-30 days),Put,24200.00,24363.30,155.60,12.13,0.05,165.73,-10.13,6.51
2025-08-28,At-the-Money (ATM),Near-Term (0-30 days),Call,24250.00,24363.30,352.60,9.55,0.05,333.90,18.70,5.30
2025-08-28,At-the-Money (ATM),Near-Term (0-30 days),Put,24250.00,24363.30,169.90,11.96,0.05,180.71,-10.81,6.36
2025-08-28,At-the-Money (ATM),Near-Term (0-30 days),Call,24300.00,24363.30,322.75,9.66,0.05,305.14,17.61,5.46
2025-08-28,At-the-Money (ATM),Near-Term (0-30 days),Call,24350.00,24363.30,292.00,9.64,0.05,275.34,16.66,5.70
2025-08-28,At-the-Money (ATM),Near-Term (0-30 days),Put,24350.00,24363.30,208.00,11.89,0.05,220.52,-12.52,6.02
2025-08-28,At-the-Money (ATM),Near-Term (0-30 days),Call,24400.00,24363.30,264.35,9.68,0.05,248.67,15.68,5.93
2025-08-28,At-the-Money (ATM),Near-Term (0-30 days),Put,24400.00,24363.30,230.60,11.92,0.05,244.03,-13.43,5.83
2025-08-28,At-the-Money (ATM),Near-Term (0-30 days),Call,24450.00,24363.30,231.55,9.41,0.05,216.76,14.79,6.39
2025-08-28,At-the-Money (ATM),Near-Term (0-30 days),Put,24450.00,24363.30,252.60,11.86,0.05,266.96,-14.36,5.69
2025-08-28,At-the-Money (ATM),Near-Term (0-30 days),Call,24500.00,24363.30,210.40,9.58,0.05,196.64,13.76,6.54
2025-08-28,At-the-Money (ATM),Near-Term (0-30 days),Put,24500.00,24363.30,276.85,11.83,0.05,292.03,-15.18,5.48
2025-08-28,At-the-Money (ATM),Near-Term (0-30 days),Call,24550.00,24363.30,186.15,9.53,0.05,173.34,12.81,6.88
2025-08-28,At-the-Money (ATM),Near-Term (0-30 days),Put,24550.00,24363.30,300.85,11.73,0.05,316.99,-16.14,5.36
2025-08-28,At-the-Money (ATM),Near-Term (0-30 days),Call,24600.00,24363.30,168.25,9.69,0.05,156.49,11.76,6.99
2025-08-28,At-the-Money (ATM),Near-Term (0-30 days),Put,24600.00,24363.30,338.30,12.16,0.05,355.26,-16.96,5.01
2025-08-28,At-the-Money (ATM),Near-Term (0-30 days),Call,24650.00,24363.30,146.35,9.59,0.05,135.61,10.74,7.34
2025-08-28,At-the-Money (ATM),Near-Term (0-30 days),Call,24700.00,24363.30,128.15,9.58,0.05,118.40,9.75,7.61
2025-08-28,At-the-Money (ATM),Near-Term (0-30 days),Call,24750.00,24363.30,115.00,9.73,0.05,106.02,8.98,7.81
2025-08-28,At-the-Money (ATM),Near-Term (0-30 days),Call,24800.00,24363.30,99.70,9.71,0.05,91.66,8.04,8.06
2025-08-28,At-the-Money (ATM),Near-Term (0-30 days),Call,24850.00,24363.30,87.05,9.74,0.05,79.69,7.36,8.45
2025-08-28,Out-of-the-Money (OTM),Near-Term (0-30 days),Call,24900.00,24363.30,73.80,9.67,0.05,67.34,6.46,8.75
2025-08-28,Out-of-the-Money (OTM),Near-Term (0-30 days),Call,24950.00,24363.30,67.80,9.95,0.05,61.91,5.89,8.69
2025-08-28,Out-of-the-Money (OTM),Near-Term (0-30 days),Call,25000.00,24363.30,56.95,9.87,0.05,51.76,5.19,9.12
2025-08-28,Out-of-the-Money (OTM),Near-Term (0-30 days),Call,25050.00,24363.30,49.80,9.96,0.05,45.16,4.64,9.32
2025-08-28,Out-of-the-Money (OTM),Near-Term (0-30 days),Call,25100.00,24363.30,42.45,9.97,0.05,38.36,4.09,9.64
2025-08-28,Out-of-the-Money (OTM),Near-Term (0-30 days),Call,25150.00,24363.30,37.05,10.07,0.05,33.45,3.60,9.72
2025-08-28,Out-of-the-Money (OTM),Near-Term (0-30 days),Call,25200.00,24363.30,32.05,10.14,0.05,28.84,3.21,10.02
2025-08-28,In-the-Money (ITM),Near-Term (0-30 days),Put,25200.00,24363.30,796.40,14.03,0.05,821.22,-24.82,3.12
2025-08-28,Out-of-the-Money (OTM),Near-Term (0-30 days),Call,25250.00,24363.30,28.25,10.27,0.05,25.39,2.86,10.14
2025-08-28,Out-of-the-Money (OTM),Near-Term (0-30 days),Call,25300.00,24363.30,25.40,10.45,0.05,22.80,2.60,10.25
2025-08-28,Out-of-the-Money (OTM),Near-Term (0-30 days),Call,25350.00,24363.30,22.00,10.54,0.05,19.78,2.22,10.08
2025-08-28,Out-of-the-Money (OTM),Near-Term (0-30 days),Call,25400.00,24363.30,20.10,10.75,0.05,18.04,2.06,10.25
2025-08-28,Out-of-the-Money (OTM),Near-Term (0-30 days),Call,25450.00,24363.30,17.50,10.84,0.05,15.67,1.83,10.46
2025-08-28,Out-of-the-Money (OTM),Near-Term (0-30 days),Call,25500.00,24363.30,16.75,11.16,0.05,15.05,1.70,10.17
2025-08-28,In-the-Money (ITM),Near-Term (0-30 days),Put,25500.00,24363.30,1077.70,16.17,0.05,1104.45,-26.75,2.48
2025-08-28,Out-of-the-Money (OTM),Near-Term (0-30 days),Call,25550.00,24363.30,15.15,11.33,0.05,13.58,1.57,10.36
2025-08-28,Out-of-the-Money (OTM),Near-Term (0-30 days),Call,25600.00,24363.30,13.50,11.47,0.05,12.11,1.39,10.26
2025-08-28,Out-of-the-Money (OTM),Near-Term (0-30 days),Call,25650.00,24363.30,11.70,11.54,0.05,10.47,1.23,10.48
2025-08-28,In-the-Money (ITM),Near-Term (0-30 days),Put,25650.00,24363.30,1214.00,16.63,0.05,1241.66,-27.66,2.28
2025-08-28,Out-of-the-Money (OTM),Near-Term (0-30 days),Call,25700.00,24363.30,11.25,11.84,0.05,10.09,1.16,10.30
2025-08-28,Out-of-the-Money (OTM),Near-Term (0-30 days),Call,25750.00,24363.30,10.50,12.07,0.05,9.43,1.07,10.15
2025-08-28,Out-of-the-Money (OTM),Near-Term (0-30 days),Call,25800.00,24363.30,9.05,12.12,0.05,8.11,0.94,10.35
2025-08-28,In-the-Money (ITM),Near-Term (0-30 days),Put,25800.00,24363.30,1364.25,18.18,0.05,1392.35,-28.10,2.06
2025-08-28,Out-of-the-Money (OTM),Near-Term (0-30 days),Call,25850.00,24363.30,8.10,12.25,0.05,7.25,0.85,10.47
2025-08-28,Out-of-the-Money (OTM),Near-Term (0-30 days),Call,25900.00,24363.30,8.05,12.60,0.05,7.24,0.81,10.09
2025-08-28,Out-of-the-Money (OTM),Near-Term (0-30 days),Call,25950.00,24363.30,7.15,12.71,0.05,6.43,0.72,10.02
2025-08-28,Out-of-the-Money (OTM),Near-Term (0-30 days),Call,26000.00,24363.30,6.95,13.00,0.05,6.26,0.69,9.89
2025-08-28,Out-of-the-Money (OTM),Near-Term (0-30 days),Call,26050.00,24363.30,5.95,13.02,0.05,5.34,0.61,10.33
2025-08-28,Out-of-the-Money (OTM),Near-Term (0-30 days),Call,26100.00,24363.30,5.90,13.34,0.05,5.30,0.60,10.19
2025-08-28,Out-of-the-Money (OTM),Near-Term (0-30 days),Call,26150.00,24363.30,6.00,13.72,0.05,5.43,0.57,9.55
2025-08-28,In-the-Money (ITM),Near-Term (0-30 days),Put,26150.00,24363.30,1658.45,11.98,0.05,1690.07,-31.62,1.91
2025-08-28,Out-of-the-Money (OTM),Near-Term (0-30 days),Call,26200.00,24363.30,5.30,13.79,0.05,4.77,0.53,9.97
2025-08-28,Out-of-the-Money (OTM),Near-Term (0-30 days),Call,26250.00,24363.30,4.65,13.86,0.05,4.19,0.46,9.79
2025-08-28,In-the-Money (ITM),Near-Term (0-30 days),Put,26250.00,24363.30,1809.05,22.05,0.05,1838.44,-29.39,1.62
2025-08-28,Out-of-the-Money (OTM),Near-Term (0-30 days),Call,26300.00,24363.30,5.15,14.39,0.05,4.66,0.49,9.45
2025-08-28,Out-of-the-Money (OTM),Near-Term (0-30 days),Call,26350.00,24363.30,4.00,14.20,0.05,3.61,0.39,9.87
2025-08-28,Out-of-the-Money (OTM),Near-Term (0-30 days),Call,26400.00,24363.30,4.50,14.75,0.05,4.07,0.43,9.52
2025-08-28,Out-of-the-Money (OTM),Near-Term (0-30 days),Call,26450.00,24363.30,4.60,15.11,0.05,4.17,0.43,9.43
2025-08-28,Out-of-the-Money (OTM),Near-Term (0-30 days),Call,26500.00,24363.30,3.95,15.11,0.05,3.58,0.37,9.49
2025-08-28,In-the-Money (ITM),Near-Term (0-30 days),Put,26500.00,24363.30,2055.00,23.94,0.05,2085.15,-30.15,1.47
2025-08-28,Out-of-the-Money (OTM),Near-Term (0-30 days),Call,26550.00,24363.30,4.10,15.50,0.05,3.73,0.37,9.11
2025-08-28,Out-of-the-Money (OTM),Near-Term (0-30 days),Call,26600.00,24363.30,3.20,15.30,0.05,2.89,0.31,9.59
2025-08-28,Out-of-the-Money (OTM),Near-Term (0-30 days),Call,26650.00,24363.30,4.05,16.09,0.05,3.69,0.36,8.86
2025-08-28,Out-of-the-Money (OTM),Near-Term (0-30 days),Call,26700.00,24363.30,3.10,15.84,0.05,2.82,0.28,9.12
2025-08-28,In-the-Money (ITM),Near-Term (0-30 days),Put,26700.00,24363.30,2247.50,24.83,0.05,2278.25,-30.75,1.37
2025-08-28,Out-of-the-Money (OTM),Near-Term (0-30 days),Call,26750.00,24363.30,3.30,16.26,0.05,3.00,0.30,9.09
2025-08-28,Out-of-the-Money (OTM),Near-Term (0-30 days),Call,26800.00,24363.30,2.90,16.29,0.05,2.63,0.27,9.25
2025-08-28,In-the-Money (ITM),Near-Term (0-30 days),Put,26800.00,24363.30,2353.70,26.50,0.05,2384.53,-30.83,1.31
2025-08-28,Out-of-the-Money (OTM),Near-Term (0-30 days),Call,26850.00,24363.30,2.75,16.48,0.05,2.50,0.25,8.95
2025-08-28,Out-of-the-Money (OTM),Near-Term (0-30 days),Call,26900.00,24363.30,3.80,17.46,0.05,3.48,0.32,8.41
2025-08-28,In-the-Money (ITM),Near-Term (0-30 days),Put,26900.00,24363.30,2446.45,26.46,0.05,2477.67,-31.22,1.28
2025-08-28,Out-of-the-Money (OTM),Near-Term (0-30 days),Call,26950.00,24363.30,2.90,17.17,0.05,2.65,0.25,8.56
2025-08-28,Out-of-the-Money (OTM),Near-Term (0-30 days),Call,27000.00,24363.30,2.45,17.11,0.05,2.24,0.21,8.66
2025-08-28,In-the-Money (ITM),Near-Term (0-30 days),Put,27000.00,24363.30,2552.40,28.11,0.05,2583.68,-31.28,1.23
2025-08-28,Out-of-the-Money (OTM),Near-Term (0-30 days),Call,27050.00,24363.30,2.70,17.59,0.05,2.47,0.23,8.62
2025-08-28,Out-of-the-Money (OTM),Near-Term (0-30 days),Call,27100.00,24363.30,2.80,17.95,0.05,2.56,0.24,8.57
2025-08-28,Out-of-the-Money (OTM),Near-Term (0-30 days),Call,27150.00,24363.30,2.05,17.59,0.05,1.87,0.18,8.63
2025-08-28,Out-of-the-Money (OTM),Near-Term (0-30 days),Call,27200.00,24363.30,2.85,18.56,0.05,2.62,0.23,8.21
2025-08-28,Out-of-the-Money (OTM),Near-Term (0-30 days),Call,27300.00,24363.30,2.60,18.92,0.05,2.39,0.21,8.08
2025-08-28,Out-of-the-Money (OTM),Near-Term (0-30 days),Call,27350.00,24363.30,2.70,19.28,0.05,2.48,0.22,8.07
2025-08-28,Out-of-the-Money (OTM),Near-Term (0-30 days),Call,27400.00,24363.30,2.05,18.95,0.05,1.88,0.17,8.43
2025-10-28,Out-of-the-Money (OTM),Mid-Term (31-90 days),Put,22800.00,24363.30,82.80,14.94,0.22,100.09,-17.29,20.88
2025-10-28,Out-of-the-Money (OTM),Mid-Term (31-90 days),Put,22900.00,24363.30,89.35,14.70,0.22,107.87,-18.52,20.72
2025-10-28,Out-of-the-Money (OTM),Mid-Term (31-90 days),Put,22950.00,24363.30,94.95,14.68,0.22,114.43,-19.48,20.52
2025-10-28,Out-of-the-Money (OTM),Mid-Term (31-90 days),Put,23000.00,24363.30,101.25,14.68,0.22,121.83,-20.58,20.33
2025-10-28,Out-of-the-Money (OTM),Mid-Term (31-90 days),Put,23100.00,24363.30,111.55,14.54,0.22,133.97,-22.42,20.10
2025-10-28,Out-of-the-Money (OTM),Mid-Term (31-90 days),Put,23200.00,24363.30,124.05,14.45,0.22,148.63,-24.58,19.82
2025-10-28,Out-of-the-Money (OTM),Mid-Term (31-90 days),Put,23250.00,24363.30,127.50,14.28,0.22,152.83,-25.33,19.86
2025-10-28,Out-of-the-Money (OTM),Mid-Term (31-90 days),Put,23300.00,24363.30,132.75,14.17,0.22,158.97,-26.22,19.75
2025-10-28,Out-of-the-Money (OTM),Mid-Term (31-90 days),Put,23350.00,24363.30,145.45,14.33,0.22,173.63,-28.18,19.37
2025-10-28,Out-of-the-Money (OTM),Mid-Term (31-90 days),Put,23400.00,24363.30,148.65,14.13,0.22,177.66,-29.01,19.52
2025-10-28,In-the-Money (ITM),Mid-Term (31-90 days),Call,23450.00,24363.30,1421.25,6.30,0.22,1279.35,141.90,9.98
2025-10-28,Out-of-the-Money (OTM),Mid-Term (31-90 days),Put,23500.00,24363.30,163.35,13.99,0.22,194.75,-31.40,19.22
2025-10-28,Out-of-the-Money (OTM),Mid-Term (31-90 days),Put,23600.00,24363.30,177.00,13.78,0.22,210.90,-33.90,19.15
2025-10-28,Out-of-the-Money (OTM),Mid-Term (31-90 days),Put,23650.00,24363.30,173.60,13.34,0.22,207.81,-34.21,19.71
2025-10-28,Out-of-the-Money (OTM),Mid-Term (31-90 days),Put,23700.00,24363.30,195.00,13.66,0.22,231.63,-36.63,18.78
2025-10-28,Out-of-the-Money (OTM),Mid-Term (31-90 days),Put,23750.00,24363.30,209.15,13.73,0.22,247.40,-38.25,18.29
2025-10-28,In-the-Money (ITM),Mid-Term (31-90 days),Call,23800.00,24363.30,1155.00,9.28,0.22,1032.41,122.59,10.61
2025-10-28,Out-of-the-Money (OTM),Mid-Term (31-90 days),Put,23800.00,24363.30,221.30,13.74,0.22,261.57,-40.27,18.20
2025-10-28,At-the-Money (ATM),Mid-Term (31-90 days),Put,23900.00,24363.30,241.00,13.57,0.22,284.20,-43.20,17.92
2025-10-28,At-the-Money (ATM),Mid-Term (31-90 days),Put,23950.00,24363.30,257.60,13.65,0.22,302.71,-45.11,17.51
2025-10-28,At-the-Money (ATM),Mid-Term (31-90 days),Call,24000.00,24363.30,943.00,7.50,0.22,819.51,123.49,13.10
2025-10-28,At-the-Money (ATM),Mid-Term (31-90 days),Put,24000.00,24363.30,275.55,13.75,0.22,322.71,-47.16,17.11
2025-10-28,At-the-Money (ATM),Mid-Term (31-90 days),Put,24150.00,24363.30,314.50,13.57,0.22,366.70,-52.20,16.60
2025-10-28,At-the-Money (ATM),Mid-Term (31-90 days),Call,24200.00,24363.30,809.00,8.27,0.22,698.10,110.90,13.71
2025-10-28,At-the-Money (ATM),Mid-Term (31-90 days),Put,24200.00,24363.30,327.90,13.50,0.22,381.99,-54.09,16.50
2025-10-28,At-the-Money (ATM),Mid-Term (31-90 days),Put,24250.00,24363.30,328.60,13.11,0.22,384.04,-55.44,16.87
2025-10-28,At-the-Money (ATM),Mid-Term (31-90 days),Call,24300.00,24363.30,749.00,8.61,0.22,644.18,104.82,13.99
2025-10-28,At-the-Money (ATM),Mid-Term (31-90 days),Call,24350.00,24363.30,751.00,9.54,0.22,651.39,99.61,13.26
2025-10-28,At-the-Money (ATM),Mid-Term (31-90 days),Put,24350.00,24363.30,384.05,13.59,0.22,444.32,-60.27,15.69
2025-10-28,At-the-Money (ATM),Mid-Term (31-90 days),Call,24400.00,24363.30,686.85,8.77,0.22,587.58,99.27,14.45
2025-10-28,At-the-Money (ATM),Mid-Term (31-90 days),Put,24400.00,24363.30,402.60,13.59,0.22,465.05,-62.45,15.51
2025-10-28,At-the-Money (ATM),Mid-Term (31-90 days),Call,24450.00,24363.30,653.45,8.75,0.22,556.50,96.95,14.84
2025-10-28,At-the-Money (ATM),Mid-Term (31-90 days),Put,24450.00,24363.30,382.10,12.67,0.22,445.30,-63.20,16.54
2025-10-28,At-the-Money (ATM),Mid-Term (31-90 days),Call,24500.00,24363.30,621.25,8.75,0.22,527.21,94.04,15.14
2025-10-28,At-the-Money (ATM),Mid-Term (31-90 days),Put,24500.00,24363.30,441.55,13.58,0.22,507.90,-66.35,15.03
2025-10-28,At-the-Money (ATM),Mid-Term (31-90 days),Call,24550.00,24363.30,596.90,8.90,0.22,505.60,91.30,15.30
2025-10-28,At-the-Money (ATM),Mid-Term (31-90 days),Put,24550.00,24363.30,428.95,12.83,0.22,496.57,-67.62,15.76
2025-10-28,At-the-Money (ATM),Mid-Term (31-90 days),Call,24600.00,24363.30,570.30,8.98,0.22,481.90,88.40,15.50
2025-10-28,At-the-Money (ATM),Mid-Term (31-90 days),Put,24600.00,24363.30,478.00,13.47,0.22,548.70,-70.70,14.79
2025-10-28,At-the-Money (ATM),Mid-Term (31-90 days),Call,24650.00,24363.30,580.00,9.85,0.22,495.16,84.84,14.63
2025-10-28,At-the-Money (ATM),Mid-Term (31-90 days),Put,24650.00,24363.30,476.95,12.96,0.22,549.26,-72.31,15.16
2025-10-28,At-the-Money (ATM),Mid-Term (31-90 days),Call,24700.00,24363.30,514.75,9.02,0.22,431.97,82.78,16.08
2025-10-28,At-the-Money (ATM),Mid-Term (31-90 days),Put,24700.00,24363.30,523.80,13.51,0.22,598.78,-74.98,14.31
2025-10-28,At-the-Money (ATM),Mid-Term (31-90 days),Call,24750.00,24363.30,500.00,9.29,0.22,419.87,80.13,16.03
2025-10-28,At-the-Money (ATM),Mid-Term (31-90 days),Put,24750.00,24363.30,502.85,12.54,0.22,579.46,-76.61,15.24
2025-10-28,At-the-Money (ATM),Mid-Term (31-90 days),Call,24800.00,24363.30,461.85,9.03,0.22,384.44,77.41,16.76
2025-10-28,At-the-Money (ATM),Mid-Term (31-90 days),Put,24800.00,24363.30,572.10,13.54,0.22,650.92,-78.82,13.78
2025-10-28,At-the-Money (ATM),Mid-Term (31-90 days),Call,24850.00,24363.30,475.00,9.88,0.22,400.62,74.38,15.66
2025-10-28,At-the-Money (ATM),Mid-Term (31-90 days),Put,24850.00,24363.30,568.95,12.95,0.22,650.25,-81.30,14.29
2025-10-28,Out-of-the-Money (OTM),Mid-Term (31-90 days),Call,24900.00,24363.30,416.60,9.13,0.22,344.69,71.91,17.26
2025-10-28,In-the-Money (ITM),Mid-Term (31-90 days),Put,24900.00,24363.30,625.25,13.64,0.22,708.73,-83.48,13.35
2025-10-28,Out-of-the-Money (OTM),Mid-Term (31-90 days),Call,24950.00,24363.30,421.85,9.76,0.22,352.32,69.53,16.48
2025-10-28,Out-of-the-Money (OTM),Mid-Term (31-90 days),Call,25000.00,24363.30,372.00,9.17,0.22,305.77,66.23,17.80
2025-10-28,Out-of-the-Money (OTM),Mid-Term (31-90 days),Call,25050.00,24363.30,375.50,9.72,0.22,311.07,64.43,17.16
2025-10-28,Out-of-the-Money (OTM),Mid-Term (31-90 days),Call,25100.00,24363.30,332.25,9.23,0.22,271.16,61.09,18.39
2025-10-28,Out-of-the-Money (OTM),Mid-Term (31-90 days),Call,25150.00,24363.30,322.95,9.47,0.22,264.12,58.83,18.22
2025-10-28,In-the-Money (ITM),Mid-Term (31-90 days),Put,25150.00,24363.30,702.10,12.40,0.22,797.22,-95.12,13.55
2025-10-28,Out-of-the-Money (OTM),Mid-Term (31-90 days),Call,25200.00,24363.30,298.00,9.34,0.22,241.90,56.10,18.83
2025-10-28,In-the-Money (ITM),Mid-Term (31-90 days),Put,25200.00,24363.30,755.00,12.93,0.22,851.50,-96.50,12.78
2025-10-28,Out-of-the-Money (OTM),Mid-Term (31-90 days),Call,25300.00,24363.30,263.00,9.36,0.22,211.86,51.14,19.44
2025-10-28,In-the-Money (ITM),Mid-Term (31-90 days),Put,25350.00,24363.30,795.05,11.81,0.22,899.85,-104.80,13.18
2025-10-28,Out-of-the-Money (OTM),Mid-Term (31-90 days),Call,25400.00,24363.30,228.85,9.32,0.22,182.49,46.36,20.26
2025-10-28,In-the-Money (ITM),Mid-Term (31-90 days),Put,25400.00,24363.30,872.40,12.86,0.22,977.53,-105.13,12.05
2025-10-28,Out-of-the-Money (OTM),Mid-Term (31-90 days),Call,25500.00,24363.30,200.00,9.33,0.22,158.01,41.99,20.99
2025-10-28,Out-of-the-Money (OTM),Mid-Term (31-90 days),Call,26000.00,24363.30,99.55,9.54,0.22,75.98,23.57,23.68
2025-10-28,Out-of-the-Money (OTM),Mid-Term (31-90 days),Call,26400.00,24363.30,56.80,9.83,0.22,42.36,14.44,25.43
2025-10-28,Out-of-the-Money (OTM),Mid-Term (31-90 days),Call,26500.00,24363.30,50.55,9.97,0.22,37.58,12.97,25.65
2025-10-28,In-the-Money (ITM),Mid-Term (31-90 days),Put,26500.00,24363.30,1810.00,16.76,0.22,1944.81,-134.81,7.45
2025-12-30,Out-of-the-Money (OTM),Long-Term (>90 days),Put,15000.00,24363.30,11.90,35.07,0.39,14.01,-2.11,17.72
2025-12-30,Out-of-the-Money (OTM),Long-Term (>90 days),Put,17000.00,24363.30,14.00,27.98,0.39,17.03,-3.03,21.63
2025-12-30,Out-of-the-Money (OTM),Long-Term (>90 days),Put,20000.00,24363.30,36.50,20.52,0.39,46.12,-9.62,26.36
2025-12-30,Out-of-the-Money (OTM),Long-Term (>90 days),Put,21000.00,24363.30,52.10,18.10,0.39,66.71,-14.61,28.04
2025-12-30,Out-of-the-Money (OTM),Long-Term (>90 days),Put,23000.00,24363.30,181.30,15.22,0.39,229.27,-47.97,26.46
2025-12-30,At-the-Money (ATM),Long-Term (>90 days),Call,24000.00,24363.30,1307.00,5.86,0.39,1062.14,244.86,18.73
2025-12-30,Out-of-the-Money (OTM),Long-Term (>90 days),Call,25000.00,24363.30,697.00,8.62,0.39,542.92,154.08,22.11
2025-12-30,Out-of-the-Money (OTM),Long-Term (>90 days),Call,26000.00,24363.30,306.00,9.24,0.39,223.09,82.91,27.09
2025-12-30,In-the-Money (ITM),Long-Term (>90 days),Put,26000.00,24363.30,1302.25,15.31,0.39,1494.11,-191.86,14.73
2025-12-30,Out-of-the-Money (OTM),Long-Term (>90 days),Call,27000.00,24363.30,120.00,9.80,0.39,82.44,37.56,31.30
2025-12-30,Out-of-the-Money (OTM),Long-Term (>90 days),Call,28000.00,24363.30,52.70,10.76,0.39,35.34,17.36,32.94
2025-12-30,Out-of-the-Money (OTM),Long-Term (>90 days),Call,29000.00,24363.30,27.35,11.92,0.39,18.32,9.03,33.02
2025-12-30,In-the-Money (ITM),Long-Term (>90 days),Put,29000.00,24363.30,3945.00,24.50,0.39,4223.18,-278.18,7.05
2025-12-30,Out-of-the-Money (OTM),Long-Term (>90 days),Call,30000.00,24363.30,16.00,13.11,0.39,10.79,5.21,32.57
2025-12-30,Out-of-the-Money (OTM),Long-Term (>90 days),Call,31000.00,24363.30,11.60,14.54,0.39,8.03,3.57,30.78
2025-09-30,Out-of-the-Money (OTM),Mid-Term (31-90 days),Put,18000.00,24363.30,4.55,32.70,0.15,5.03,-0.48,10.48
2025-09-30,Out-of-the-Money (OTM),Mid-Term (31-90 days),Put,20000.00,24363.30,10.20,25.19,0.15,11.49,-1.29,12.66
2025-09-30,Out-of-the-Money (OTM),Mid-Term (31-90 days),Put,22000.00,24363.30,24.90,17.44,0.15,28.90,-4.00,16.07
2025-09-30,Out-of-the-Money (OTM),Mid-Term (31-90 days),Put,22800.00,24363.30,47.05,14.89,0.15,54.89,-7.84,16.66
2025-09-30,Out-of-the-Money (OTM),Mid-Term (31-90 days),Put,22850.00,24363.30,51.20,14.89,0.15,59.70,-8.50,16.60
2025-09-30,Out-of-the-Money (OTM),Mid-Term (31-90 days),Put,22900.00,24363.30,52.10,14.64,0.15,60.91,-8.81,16.90
2025-09-30,Out-of-the-Money (OTM),Mid-Term (31-90 days),Put,22950.00,24363.30,57.15,14.66,0.15,66.53,-9.38,16.41
2025-09-30,Out-of-the-Money (OTM),Mid-Term (31-90 days),Put,23000.00,24363.30,60.65,14.57,0.15,70.67,-10.02,16.52
2025-09-30,Out-of-the-Money (OTM),Mid-Term (31-90 days),Put,23050.00,24363.30,62.65,14.36,0.15,72.93,-10.28,16.42
2025-09-30,Out-of-the-Money (OTM),Mid-Term (31-90 days),Put,23100.00,24363.30,66.10,14.24,0.15,76.95,-10.85,16.41
2025-09-30,Out-of-the-Money (OTM),Mid-Term (31-90 days),Put,23150.00,24363.30,70.65,14.17,0.15,82.13,-11.48,16.25
2025-09-30,Out-of-the-Money (OTM),Mid-Term (31-90 days),Put,23250.00,24363.30,79.95,14.00,0.15,92.85,-12.90,16.13
2025-09-30,Out-of-the-Money (OTM),Mid-Term (31-90 days),Put,23300.00,24363.30,86.60,14.00,0.15,100.49,-13.89,16.04
2025-09-30,Out-of-the-Money (OTM),Mid-Term (31-90 days),Put,23350.00,24363.30,90.95,13.86,0.15,105.52,-14.57,16.02
2025-09-30,In-the-Money (ITM),Mid-Term (31-90 days),Call,23400.00,24363.30,1295.00,7.38,0.15,1206.17,88.83,6.86
2025-09-30,Out-of-the-Money (OTM),Mid-Term (31-90 days),Put,23400.00,24363.30,97.85,13.82,0.15,113.10,-15.25,15.59
2025-09-30,Out-of-the-Money (OTM),Mid-Term (31-90 days),Put,23450.00,24363.30,103.00,13.69,0.15,119.01,-16.01,15.54
2025-09-30,Out-of-the-Money (OTM),Mid-Term (31-90 days),Put,23500.00,24363.30,110.35,13.65,0.15,127.43,-17.08,15.48
2025-09-30,Out-of-the-Money (OTM),Mid-Term (31-90 days),Put,23550.00,24363.30,116.85,13.55,0.15,134.83,-17.98,15.39
2025-09-30,In-the-Money (ITM),Mid-Term (31-90 days),Call,23600.00,24363.30,1163.15,11.14,0.15,1085.02,78.13,6.72
2025-09-30,Out-of-the-Money (OTM),Mid-Term (31-90 days),Put,23600.00,24363.30,127.00,13.58,0.15,146.02,-19.02,14.98
2025-09-30,Out-of-the-Money (OTM),Mid-Term (31-90 days),Put,23650.00,24363.30,130.55,13.33,0.15,150.34,-19.79,15.16
2025-09-30,Out-of-the-Money (OTM),Mid-Term (31-90 days),Put,23750.00,24363.30,151.35,13.32,0.15,173.54,-22.19,14.66
2025-09-30,In-the-Money (ITM),Mid-Term (31-90 days),Call,23800.00,24363.30,915.50,6.87,0.15,830.41,85.09,9.29
2025-09-30,Out-of-the-Money (OTM),Mid-Term (31-90 days),Put,23800.00,24363.30,163.20,13.34,0.15,186.84,-23.64,14.48
2025-09-30,Out-of-the-Money (OTM),Mid-Term (31-90 days),Put,23850.00,24363.30,175.75,13.35,0.15,200.53,-24.78,14.10
2025-09-30,At-the-Money (ATM),Mid-Term (31-90 days),Call,23900.00,24363.30,850.00,8.17,0.15,771.28,78.72,9.26
2025-09-30,At-the-Money (ATM),Mid-Term (31-90 days),Put,23950.00,24363.30,196.20,13.16,0.15,223.39,-27.19,13.86
2025-09-30,At-the-Money (ATM),Mid-Term (31-90 days),Call,24000.00,24363.30,766.55,8.13,0.15,690.64,75.91,9.90
2025-09-30,At-the-Money (ATM),Mid-Term (31-90 days),Put,24000.00,24363.30,214.00,13.29,0.15,242.95,-28.95,13.53
2025-09-30,At-the-Money (ATM),Mid-Term (31-90 days),Call,24100.00,24363.30,690.00,8.23,0.15,617.74,72.26,10.47
2025-09-30,At-the-Money (ATM),Mid-Term (31-90 days),Call,24150.00,24363.30,661.80,8.57,0.15,592.03,69.77,10.54
2025-09-30,At-the-Money (ATM),Mid-Term (31-90 days),Put,24150.00,24363.30,252.10,13.04,0.15,285.17,-33.07,13.12
2025-09-30,At-the-Money (ATM),Mid-Term (31-90 days),Call,24200.00,24363.30,635.45,8.91,0.15,568.32,67.13,10.56
2025-09-30,At-the-Money (ATM),Mid-Term (31-90 days),Put,24200.00,24363.30,272.00,13.13,0.15,306.59,-34.59,12.72
2025-09-30,At-the-Money (ATM),Mid-Term (31-90 days),Call,24250.00,24363.30,601.15,8.94,0.15,536.05,65.10,10.83
2025-09-30,At-the-Money (ATM),Mid-Term (31-90 days),Put,24250.00,24363.30,283.45,12.96,0.15,319.73,-36.28,12.80
2025-09-30,At-the-Money (ATM),Mid-Term (31-90 days),Call,24300.00,24363.30,572.00,9.09,0.15,509.06,62.94,11.00
2025-09-30,At-the-Money (ATM),Mid-Term (31-90 days),Put,24300.00,24363.30,307.30,13.12,0.15,345.26,-37.96,12.35
2025-09-30,At-the-Money (ATM),Mid-Term (31-90 days),Call,24350.00,24363.30,538.40,9.07,0.15,477.45,60.95,11.32
2025-09-30,At-the-Money (ATM),Mid-Term (31-90 days),Put,24350.00,24363.30,324.00,13.05,0.15,363.44,-39.44,12.17
2025-09-30,At-the-Money (ATM),Mid-Term (31-90 days),Call,24400.00,24363.30,514.95,9.31,0.15,456.24,58.71,11.40
2025-09-30,At-the-Money (ATM),Mid-Term (31-90 days),Put,24400.00,24363.30,344.00,13.06,0.15,385.27,-41.27,12.00
2025-09-30,At-the-Money (ATM),Mid-Term (31-90 days),Call,24450.00,24363.30,492.40,9.54,0.15,436.04,56.36,11.45
2025-09-30,At-the-Money (ATM),Mid-Term (31-90 days),Put,24450.00,24363.30,363.50,13.02,0.15,406.09,-42.59,11.72
2025-09-30,At-the-Money (ATM),Mid-Term (31-90 days),Call,24500.00,24363.30,455.00,9.31,0.15,400.27,54.73,12.03
2025-09-30,At-the-Money (ATM),Mid-Term (31-90 days),Put,24500.00,24363.30,389.45,13.15,0.15,433.95,-44.50,11.43
2025-09-30,At-the-Money (ATM),Mid-Term (31-90 days),Call,24550.00,24363.30,428.00,9.35,0.15,375.46,52.54,12.28
2025-09-30,At-the-Money (ATM),Mid-Term (31-90 days),Put,24550.00,24363.30,405.70,12.99,0.15,451.94,-46.24,11.40
2025-09-30,At-the-Money (ATM),Mid-Term (31-90 days),Call,24600.00,24363.30,400.00,9.33,0.15,349.56,50.44,12.61
2025-09-30,At-the-Money (ATM),Mid-Term (31-90 days),Put,24600.00,24363.30,432.15,13.08,0.15,479.97,-47.82,11.07
2025-09-30,At-the-Money (ATM),Mid-Term (31-90 days),Call,24650.00,24363.30,377.70,9.44,0.15,329.61,48.09,12.73
2025-09-30,At-the-Money (ATM),Mid-Term (31-90 days),Put,24650.00,24363.30,455.35,13.06,0.15,504.74,-49.39,10.85
2025-09-30,At-the-Money (ATM),Mid-Term (31-90 days),Call,24700.00,24363.30,351.45,9.40,0.15,305.22,46.23,13.16
2025-09-30,At-the-Money (ATM),Mid-Term (31-90 days),Put,24700.00,24363.30,479.55,13.05,0.15,530.68,-51.13,10.66
2025-09-30,At-the-Money (ATM),Mid-Term (31-90 days),Call,24750.00,24363.30,329.75,9.46,0.15,285.61,44.14,13.39
2025-09-30,At-the-Money (ATM),Mid-Term (31-90 days),Put,24750.00,24363.30,507.90,13.13,0.15,560.75,-52.85,10.40
2025-09-30,At-the-Money (ATM),Mid-Term (31-90 days),Call,24800.00,24363.30,308.00,9.49,0.15,265.97,42.03,13.64
2025-09-30,At-the-Money (ATM),Mid-Term (31-90 days),Call,24850.00,24363.30,284.30,9.43,0.15,244.16,40.14,14.12
2025-09-30,At-the-Money (ATM),Mid-Term (31-90 days),Put,24850.00,24363.30,556.65,13.01,0.15,612.94,-56.29,10.11
2025-09-30,Out-of-the-Money (OTM),Mid-Term (31-90 days),Call,24900.00,24363.30,265.00,9.47,0.15,226.99,38.01,14.34
2025-09-30,Out-of-the-Money (OTM),Mid-Term (31-90 days),Call,24950.00,24363.30,246.65,9.50,0.15,210.46,36.19,14.67
2025-09-30,Out-of-the-Money (OTM),Mid-Term (31-90 days),Call,25000.00,24363.30,229.00,9.53,0.15,194.91,34.09,14.89
2025-09-30,Out-of-the-Money (OTM),Mid-Term (31-90 days),Call,25050.00,24363.30,210.55,9.50,0.15,178.30,32.25,15.32
2025-09-30,Out-of-the-Money (OTM),Mid-Term (31-90 days),Call,25100.00,24363.30,190.45,9.40,0.15,160.45,30.00,15.75
2025-09-30,In-the-Money (ITM),Mid-Term (31-90 days),Put,25100.00,24363.30,717.45,13.41,0.15,781.83,-64.38,8.97
2025-09-30,Out-of-the-Money (OTM),Mid-Term (31-90 days),Call,25150.00,24363.30,178.00,9.49,0.15,149.64,28.36,15.93
2025-09-30,In-the-Money (ITM),Mid-Term (31-90 days),Put,25150.00,24363.30,715.00,12.44,0.15,781.95,-66.95,9.36
2025-09-30,Out-of-the-Money (OTM),Mid-Term (31-90 days),Call,25200.00,24363.30,150.55,9.08,0.15,124.59,25.96,17.25
2025-09-30,Out-of-the-Money (OTM),Mid-Term (31-90 days),Call,25250.00,24363.30,150.50,9.51,0.15,125.49,25.01,16.62
2025-09-30,Out-of-the-Money (OTM),Mid-Term (31-90 days),Call,25300.00,24363.30,143.75,9.71,0.15,119.99,23.76,16.53
2025-09-30,Out-of-the-Money (OTM),Mid-Term (31-90 days),Call,25350.00,24363.30,125.50,9.50,0.15,103.74,21.76,17.33
2025-09-30,Out-of-the-Money (OTM),Mid-Term (31-90 days),Call,25400.00,24363.30,114.75,9.51,0.15,94.43,20.32,17.71
2025-09-30,In-the-Money (ITM),Mid-Term (31-90 days),Put,25400.00,24363.30,942.40,14.19,0.15,1014.58,-72.18,7.66
2025-09-30,Out-of-the-Money (OTM),Mid-Term (31-90 days),Call,25450.00,24363.30,105.85,9.57,0.15,87.04,18.81,17.77
2025-09-30,Out-of-the-Money (OTM),Mid-Term (31-90 days),Call,25500.00,24363.30,98.30,9.65,0.15,80.67,17.63,17.94
2025-09-30,In-the-Money (ITM),Mid-Term (31-90 days),Put,25500.00,24363.30,1022.00,14.47,0.15,1096.55,-74.55,7.29
2025-09-30,Out-of-the-Money (OTM),Mid-Term (31-90 days),Call,25550.00,24363.30,90.35,9.69,0.15,73.87,16.48,18.24
2025-09-30,Out-of-the-Money (OTM),Mid-Term (31-90 days),Call,25600.00,24363.30,81.95,9.69,0.15,66.73,15.22,18.57
2025-09-30,Out-of-the-Money (OTM),Mid-Term (31-90 days),Call,25650.00,24363.30,75.10,9.73,0.15,60.99,14.11,18.79
2025-09-30,In-the-Money (ITM),Mid-Term (31-90 days),Put,25650.00,24363.30,1100.80,13.42,0.15,1181.07,-80.27,7.29
2025-09-30,Out-of-the-Money (OTM),Mid-Term (31-90 days),Call,25700.00,24363.30,69.00,9.78,0.15,55.88,13.12,19.01
2025-09-30,Out-of-the-Money (OTM),Mid-Term (31-90 days),Call,25750.00,24363.30,63.75,9.85,0.15,51.55,12.20,19.14
2025-09-30,Out-of-the-Money (OTM),Mid-Term (31-90 days),Call,25800.00,24363.30,58.00,9.87,0.15,46.69,11.31,19.50
2025-09-30,In-the-Money (ITM),Mid-Term (31-90 days),Put,25800.00,24363.30,1275.00,15.48,0.15,1355.87,-80.87,6.34
2025-09-30,Out-of-the-Money (OTM),Mid-Term (31-90 days),Call,25850.00,24363.30,54.85,10.01,0.15,44.20,10.65,19.42
2025-09-30,Out-of-the-Money (OTM),Mid-Term (31-90 days),Call,25900.00,24363.30,49.00,9.98,0.15,39.23,9.77,19.93
2025-09-30,Out-of-the-Money (OTM),Mid-Term (31-90 days),Call,25950.00,24363.30,47.65,10.19,0.15,38.23,9.42,19.76
2025-09-30,Out-of-the-Money (OTM),Mid-Term (31-90 days),Call,26000.00,24363.30,43.50,10.23,0.15,34.88,8.62,19.82
2025-09-30,Out-of-the-Money (OTM),Mid-Term (31-90 days),Call,26050.00,24363.30,40.90,10.34,0.15,32.74,8.16,19.96
2025-09-30,Out-of-the-Money (OTM),Mid-Term (31-90 days),Call,26100.00,24363.30,37.15,10.36,0.15,29.61,7.54,20.30
2025-09-30,Out-of-the-Money (OTM),Mid-Term (31-90 days),Call,26150.00,24363.30,34.90,10.47,0.15,27.82,7.08,20.29
2025-09-30,Out-of-the-Money (OTM),Mid-Term (31-90 days),Call,26200.00,24363.30,31.45,10.48,0.15,25.03,6.42,20.41
2025-09-30,Out-of-the-Money (OTM),Mid-Term (31-90 days),Call,26250.00,24363.30,31.25,10.72,0.15,24.95,6.30,20.17
2025-09-30,Out-of-the-Money (OTM),Mid-Term (31-90 days),Call,26300.00,24363.30,26.15,10.55,0.15,20.68,5.47,20.93
2025-09-30,Out-of-the-Money (OTM),Mid-Term (31-90 days),Call,26350.00,24363.30,25.85,10.77,0.15,20.50,5.35,20.69
2025-09-30,Out-of-the-Money (OTM),Mid-Term (31-90 days),Call,26400.00,24363.30,24.05,10.85,0.15,19.06,4.99,20.76
2025-09-30,Out-of-the-Money (OTM),Mid-Term (31-90 days),Call,26450.00,24363.30,23.50,11.04,0.15,18.68,4.82,20.52
2025-09-30,Out-of-the-Money (OTM),Mid-Term (31-90 days),Call,26500.00,24363.30,22.45,11.18,0.15,17.90,4.55,20.28
2025-09-30,In-the-Money (ITM),Mid-Term (31-90 days),Put,26500.00,24363.30,1905.00,17.98,0.15,1995.95,-90.95,4.77
2025-09-30,Out-of-the-Money (OTM),Mid-Term (31-90 days),Call,26550.00,24363.30,22.45,11.42,0.15,17.99,4.46,19.85
2025-09-30,Out-of-the-Money (OTM),Mid-Term (31-90 days),Call,26600.00,24363.30,21.35,11.54,0.15,17.12,4.23,19.81
2025-09-30,Out-of-the-Money (OTM),Mid-Term (31-90 days),Call,26650.00,24363.30,19.70,11.59,0.15,15.77,3.93,19.96
2025-09-30,Out-of-the-Money (OTM),Mid-Term (31-90 days),Call,26700.00,24363.30,18.10,11.63,0.15,14.45,3.65,20.15
2025-09-30,Out-of-the-Money (OTM),Mid-Term (31-90 days),Call,26750.00,24363.30,17.25,11.75,0.15,13.78,3.47,20.12
2025-09-30,Out-of-the-Money (OTM),Mid-Term (31-90 days),Call,26850.00,24363.30,17.45,12.22,0.15,14.05,3.40,19.49
2025-09-30,Out-of-the-Money (OTM),Mid-Term (31-90 days),Call,27000.00,24363.30,15.00,12.54,0.15,12.08,2.92,19.44
2025-09-30,In-the-Money (ITM),Mid-Term (31-90 days),Put,27000.00,24363.30,2405.00,21.37,0.15,2499.45,-94.45,3.93
2025-09-30,Out-of-the-Money (OTM),Mid-Term (31-90 days),Call,27350.00,24363.30,10.30,13.19,0.15,8.29,2.01,19.48
2025-09-30,In-the-Money (ITM),Mid-Term (31-90 days),Put,27400.00,24363.30,2700.00,17.62,0.15,2803.73,-103.73,3.84
2025-09-30,Out-of-the-Money (OTM),Mid-Term (31-90 days),Call,28000.00,24363.30,6.70,14.78,0.15,5.46,1.24,18.48
2025-09-30,Out-of-the-Money (OTM),Mid-Term (31-90 days),Call,29000.00,24363.30,3.20,16.71,0.15,2.63,0.57,17.89
2025-09-30,In-the-Money (ITM),Mid-Term (31-90 days),Put,29000.00,24363.30,4365.00,31.52,0.15,4472.64,-107.64,2.47
2025-09-30,Out-of-the-Money (OTM),Mid-Term (31-90 days),Call,30000.00,24363.30,2.80,19.50,0.15,2.36,0.44,15.81
2025-09-30,In-the-Money (ITM),Mid-Term (31-90 days),Put,30000.00,24363.30,5350.00,36.20,0.15,5463.02,-113.02,2.11
